Unnamed: 0,molecule_chembl_id,IC50,units,smiles,pIC50,molecular_weight,n_hba,n_hbd,logp,ro5_fulfilled
5347,CHEMBL1641996,55600.0,nM,N#Cc1cnc(Nc2cccc(Br)c2)c2cc(NC(=O)c3ccco3)ccc12,4.254925208417943,432.022187756,5,2,5.457880000000002,True
2985,CHEMBL424375,300.0,nM,COc1cccc(-c2cn(-c3ccc(CNCCO)cc3)c3ncnc(N)c23)c1,6.522878745280337,389.1851749760001,7,3,2.7602,True
2828,CHEMBL3088220,210.0,nM,Cc1ncc([N+](=O)[O-])n1C/C(=N/NC(=O)c1ccc(O)cc1)c1ccc(Br)cc1,6.6777807052660805,457.038566092,7,2,3.402120000000002,True
3898,CHEMBL75880,1485.2,nM,C1CCC(C(CC2CCCCN2)C2CCCCC2)CC1,5.828215059445879,277.27695012,1,1,5.295400000000005,True
2896,CHEMBL79060,250.0,nM,Cc1cc2cc(Nc3ccnc4cc(-c5ccc(CNCCN6CCNCC6)cc5)sc34)ccc2[nH]1,6.6020599913279625,496.2409160240001,6,4,5.491420000000004,True
3660,CHEMBL438805,950.0,nM,CCCc1c(C(=O)OCC)cn2ncnc(Nc3ccc4c(cnn4Cc4ccccc4)c3)c12,6.022276394711152,454.211724072,8,1,5.000100000000004,True
418,CHEMBL3814445,2.25,nM,Fc1ccc(Nc2ncnc3ccc(NC(=S)NCCN4CCOCC4)cc23)cc1Cl,8.647817481888637,460.124836224,6,3,3.784500000000002,True
3467,CHEMBL3740907,720.0,nM,C/C(=N\Nc1ncc(Cl)c(Nc2cccc(NC(=O)/C=C/CN(C)C)c2)n1)c1ccc(F)cc1F,6.142667503568731,499.169892508,7,3,5.044200000000003,True
2152,CHEMBL210659,67.0,nM,O=NN(CCCl)C(=O)Nc1ccc2ncnc(Nc3cccc(Cl)c3)c2c1,7.173925197299173,404.055529048,6,2,4.780900000000003,True
5224,CHEMBL279481,29000.0,nM,O=C1NC(=O)c2c1c1c3cccc(O)c3[nH]c1c1[nH]c3c(O)cccc3c21,4.537602002101044,357.074955832,4,5,3.2504,True
840,CHEMBL3950630,6.7,nM,Cc1cc(C)nc(NS(=O)(=O)c2ccc(Nc3nncc4ccccc34)cc2)n1,8.173925197299173,406.121194816,7,2,3.5810400000000016,True
3184,CHEMBL279459,450.0,nM,COc1cc2c(Nc3c(F)cc(Br)cc3F)ncnc2cc1OCC1CCNCC1,6.346787486224656,478.0815944520001,6,2,4.801100000000004,True
346,CHEMBL2048903,1.9,nM,OCCn1ccc2ncnc(Nc3ccc(Oc4cccc5[nH]ncc45)c(Cl)c3)c21,8.721246399047171,420.11015146400007,7,3,4.489200000000003,True
5447,CHEMBL1242033,100000.0,nM,CC(C)n1nc(-c2ccc3nccc(NC(=O)OC(C)(C)C)c3c2)c2c(N)ncnc21,4.0,419.2069730400001,8,2,4.551600000000002,True
715,CHEMBL3758802,5.0,nM,C#Cc1cccc(Nc2ncnc3sc(-c4ccc(CO)cc4OC)cc23)c1,8.301029995663981,387.104147784,6,2,4.584100000000003,True
4886,CHEMBL454002,10000.0,nM,N#CC(C#N)=C(C#N)c1cc(O)cc(O)c1,5.0,211.0381764,5,2,1.4221399999999995,True
3729,CHEMBL3671546,1020.0,nM,C=C(C)C(=O)Nc1cc2c(Nc3ccc(Br)cc3F)ncnc2cc1OCCNC(C)=O,5.991399828238082,501.0811798520001,6,3,4.304500000000003,True
402,CHEMBL214798,2.0,nM,COc1cc2ncnc(Nc3cccc(Cl)c3F)c2cc1OC1CCN(C)CC1,8.698970004336019,416.141531844,6,1,4.647500000000004,True
2398,CHEMBL2070198,98.0,nM,Brc1cccc(Nc2ncnc3ccc(NCc4ccc5c(c4)OCCCO5)cc23)c1,7.008773924307505,476.084788012,6,2,5.909300000000003,True
3966,CHEMBL4289274,1700.0,nM,COc1cc(-c2nc3sc(-c4ccc(Cl)cc4)cn3n2)cc(OC)c1OC,5.769551078621726,401.060090052,7,0,4.804000000000004,True
1201,CHEMBL571040,13.0,nM,C=CC(=O)N1CCC[C@H]1C(=O)Nc1cc2c(Nc3cccc(Cl)c3F)ncnc2cc1OCCOC,7.886056647693163,513.1579101799999,7,2,4.306600000000002,True
2566,CHEMBL249509,126.9,nM,C#Cc1ccc2ncnc(Nc3ccc(F)c(Cl)c3)c2c1,6.896538377905295,297.046903188,3,1,4.1472000000000016,True
2893,CHEMBL1242285,249.0,nM,CC(C)n1nc(-c2cc(O)cc(Br)c2)c2c(N)ncnc21,6.603800652904264,347.0381721680001,6,2,3.1245000000000003,True
627,CHEMBL4067871,4.2,nM,OC[C@H](Nc1cnc(-c2cc(Cl)ccc2O)c(-c2ccc3cnccc3c2)c1)c1ccccc1,8.3767507096021,467.140054624,5,3,6.468300000000006,True
3568,CHEMBL2385974,850.0,nM,CCOc1cc([N+](=O)[O-])c(C(=O)Nc2ccc(OCc3ccccn3)c(Cl)c2)cc1NC(=O)/C=C/CN(C)C,6.070581074285707,553.1728112960001,8,2,4.929500000000004,True
4275,CHEMBL4084214,3400.0,nM,CCC(=O)N1CCC[C@@H](n2nc(-c3cccc(F)c3)c3c(N)ncnc32)C1,5.468521082957745,368.1760875120001,6,1,2.7881,True
3258,CHEMBL332096,508.0,nM,Nc1ccc2ncnc(NCc3ccccc3)c2c1,6.29413628771608,250.121846448,4,2,2.8241000000000014,True
649,CHEMBL3818289,4.54,nM,O=C1N[C@H](C(=O)Nc2cc3c(Nc4ccc(F)c(Cl)c4)ncnc3cc2OCCCN2CCOCC2)CO1,8.342944147142896,544.1637238320001,9,3,3.313900000000001,True
45,CHEMBL128468,0.28,nM,O=C(O)CCCNc1cc2ncnc(Nc3cccc(Br)c3)c2cn1,9.55284196865778,401.048736852,6,3,3.8076000000000016,True
4409,CHEMBL1242757,4600.0,nM,CC(C)n1nc(-c2cccc3[nH]ccc23)c2c(N)ncnc21,5.337242168318426,292.143644512,5,2,3.1377000000000006,True
5510,CHEMBL3734988,261000.0,nM,C[C@@H](O)c1nc2cnc(Nc3ccnc(N4CC[C@H](O)[C@H](F)C4)n3)cc2n1[C@H](C)C(F)(F)F,3.583359492661719,469.184935856,9,3,3.050600000000001,True
2874,CHEMBL1242376,236.0,nM,Nc1ncnc2c1c(-c1ccc(Br)c(O)c1)nn2C1CCCC1,6.627087997029893,373.053822232,6,2,3.6587000000000014,True
2583,CHEMBL3612590,130.0,nM,CCOC(=O)CCCn1c(=O)oc2cc3ncnc(Nc4ccc5[nH]ncc5c4)c3cc21,6.886056647693163,432.1546031200001,9,2,3.500900000000001,True
1056,CHEMBL382823,10.0,nM,COCCN(Cc1cc2c(Nc3cccc(Cl)c3F)ncnc2cc1OC)[C@@H](C)C(N)=O,8.0,461.16299556000007,7,2,3.4967000000000006,True
4071,CHEMBL3133901,2200.0,nM,C=CC(=O)Nc1ccc2ncnc(Nc3c(F)cccc3Br)c2c1,5.657577319177793,386.0178513240001,4,2,4.3995000000000015,True
3099,CHEMBL574059,380.0,nM,Cn1c(=O)c(-c2c(Cl)cccc2Cl)cc2cnc(Nc3ccc(F)cc3)nc21,6.42021640338319,414.0450446160001,5,1,5.185000000000002,True
2267,CHEMBL500115,81.0,nM,CS(=O)(=O)O[C@H]1CN[C@H](C#Cc2cc3ncnc(Nc4ccc(OCc5cccc(F)c5)c(Cl)c4)c3s2)C1,7.091514981121351,572.075503084,9,2,4.864600000000004,True
626,CHEMBL4227210,4.2,nM,C=CC(=O)Nc1cc(Nc2ncc3ncn(-c4ccc(C(C)C)cc4)c3n2)c(OC)cc1N(C)CCN(C)C,8.3767507096021,528.296122392,9,2,4.813400000000003,True
1537,CHEMBL4284413,24.0,nM,O=C(Nc1nccs1)C(c1ccccc1)N1Cc2ccccc2C1=O,7.619788758288394,349.08849772,4,1,3.478900000000002,True
398,CHEMBL3806248,2.0,nM,CCOc1cc2ncnc(Nc3ccc(F)c(Cl)c3)c2c2c1OCCO2,8.698970004336019,375.07859724,6,1,4.3358000000000025,True
5490,CHEMBL6976,160000.0,nM,COc1cc2c(cc1OC)Nc1ncn(C)c(=O)c1C2,3.795880017344075,273.11134134,6,1,1.4452999999999996,True
2804,CHEMBL26641,200.0,nM,COc1cc2c(Nc3ccc(Br)cc3F)ncnc2cc1OCCC1CCNCC1,6.698970004336019,474.1066663280001,6,2,5.052100000000005,True
940,CHEMBL257430,8.0,nM,Clc1cc(Nc2ncnc3[nH]nc(OCCN4CCNCC4)c23)ccc1OCc1ccccn1,8.096910013008056,480.17889972000006,9,3,3.0079,True
2087,CHEMBL4065300,60.1,nM,Fc1cc(F)cc(NC(=S)Nc2ccc3ncnc(Nc4cccc(Cl)c4)c3c2)c1,7.221125527997261,441.062650568,4,3,6.113900000000002,True
3783,CHEMBL209818,1139.0,nM,Cc1cccc(Nc2ncnc3ccc(N(C)C(=O)N(CCCl)N=O)cc23)c1,5.943476275920899,398.125801528,6,1,4.460220000000003,True
461,CHEMBL2437460,2.86,nM,C=CC(=O)Nc1cccc(-n2c(=O)cnc3cnc(Nc4ccc(N5CCOCC5)cc4)nc32)c1,8.543633966870956,469.18623759600007,9,2,2.8804000000000007,True
1387,CHEMBL4208811,19.0,nM,C=CC(=O)N[C@H]1CCN(c2nc(Nc3ccc(N4CCN(C)CC4)cc3)c3ncn(C(C)C)c3n2)C1,7.721246399047171,489.2964567400001,9,2,2.783500000000001,True
896,CHEMBL597551,7.1,nM,COc1cc2ncnc(Nc3ccc(F)c(Cl)c3)c2cc1OCCC(=O)NO,8.148741651280925,406.084410892,7,3,3.448800000000001,True
429,CHEMBL3622675,2.4,nM,C#Cc1cccc(Nc2ncnc3cc(OCC)c(NC(=O)/C=C/CN(C)C4CC4)cc23)c1,8.619788758288394,441.216475104,6,2,4.342300000000003,True
4062,CHEMBL3233794,2159.0,nM,O=C(/C=C/CN1CC2(CCOCC2)C1)Nc1cc2c(Nc3ccc(F)c(Cl)c3)ncnc2s1,5.665747357665769,487.124501876,7,2,4.834500000000003,True
2601,CHEMBL3934539,136.0,nM,CCC(=O)Nc1cc2c(NCc3ccccc3)ncnc2cc1OC,6.866461091629782,336.15862588,5,2,3.599000000000003,True
3365,CHEMBL3905284,601.0,nM,COc1cccc(/C=N/Nc2ncc(Cl)c(Nc3ccccc3S(=O)(=O)C(C)C)n2)c1,6.221125527997261,459.113188244,8,2,4.510300000000003,True
3839,CHEMBL1095154,1300.0,nM,Cl.NCCc1cn(Cc2ccc(-c3ccccc3)cc2)c2ccc(OCCc3ccc(O)cc3)cc12,5.886056647693163,498.207405912,4,2,6.606700000000006,True
1840,CHEMBL391181,40.0,nM,COc1cn2ncnc(Nc3ccc4c(cnn4Cc4cccc(F)c4)c3)c2c1CN1CCC(N)CC1,7.397940008672037,500.244835768,9,2,3.941700000000002,True
4605,CHEMBL3608432,6138.0,nM,C=CC(=O)N[C@@H]1CN(c2nc(Nc3cn(C)nc3C)c3ncn(C(C)C)c3n2)C[C@H]1F,5.211973115904196,427.224434672,9,2,2.0216199999999995,True
3779,CHEMBL2047026,1120.0,nM,C#Cc1cccc(NC(=O)c2cc(NC(=O)CCCCCC(=O)NO)c(OC)cc2O)c1,5.950781977329818,439.17433552,6,5,3.0288000000000013,True
2419,CHEMBL80302,100.0,nM,Cc1cc2cc(Nc3ncnc4cc(-c5ccccc5)sc34)ccc2[nH]1,7.0,356.109567512,4,2,5.891620000000002,True
5422,CHEMBL120719,96000.0,nM,COc1cc(C=C(C#N)C#N)cc(CSCC(=O)O)c1O,4.017728766960432,304.051777864,6,2,2.14916,True
1322,CHEMBL4098587,17.0,nM,CC(C)(C)OC(=O)NCC(=O)Nc1ccc2ncnc(Nc3ccc(F)c(Cl)c3)c2c1,7.769551078621726,445.131695432,6,3,4.629100000000003,True
4368,CHEMBL589809,4150.0,nM,O=C(Nc1ccccc1)N(Cc1ccc(F)cc1)Cc1cc(Cl)cc(Cl)c1O,5.381951903287908,418.065111364,2,2,6.072400000000004,True
3846,CHEMBL111365,1300.0,nM,COc1ccc(Nc2ncc3cc(-c4c(Cl)cccc4Cl)c(=O)n(C)c3n2)cn1,5.886056647693163,427.0602800800001,7,1,4.449500000000002,True
1094,CHEMBL4250273,10.1,nM,COc1ccc(N(c2ncnc3occ(C)c23)C(C)C)cc1,7.995678626217357,297.147726848,5,0,4.086320000000003,True
3427,CHEMBL2325090,680.0,nM,Clc1ccc(C2=NN(c3ccccc3)C(c3cccc4ccccc34)C2)cc1,6.167491087293763,382.123676288,2,0,6.848900000000005,True
5387,CHEMBL2064379,75000.0,nM,Cc1cc(C)cc(Nc2ncnc3cc4oc(=O)n(CCCN5CCOCC5)c4cc23)c1,4.1249387366083,433.211389724,8,1,3.620440000000002,True
2426,CHEMBL3924787,100.0,nM,C[C@@H](Nc1ncnc2ccc(OCCCCCC(=O)NO)cc12)c1ccccc1,7.0,394.200490692,6,3,4.247500000000003,True
4086,CHEMBL2325102,2230.0,nM,NC(=S)N1N=C(c2ccccc2)CC1c1cccc2ccccc12,5.651695136951839,331.114318544,2,1,4.234500000000002,True
3123,CHEMBL397122,400.0,nM,C[C@@H](c1cccc(F)c1)n1ncc2cc(Nc3ncnn4ccc(COC[C@@H]5CNCCO5)c34)ccc21,6.3979400086720375,501.228851356,9,2,4.076000000000001,True
5348,CHEMBL584,55629.0,nM,Cc1c(O)cccc1C(=O)N[C@@H](CSc1ccccc1)[C@H](O)CN1C[C@H]2CCCC[C@H]2C[C@H]1C(=O)NC(C)(C)C,4.25469874696885,567.31307792,6,4,4.747620000000004,True
92,CHEMBL3355875,0.47,nM,COc1cc2ncnc(Nc3ccc(F)c(Cl)c3)c2cc1OCCCCn1ccnc1[N+](=O)[O-],9.327902142064282,486.12185902,9,1,5.138400000000003,True
4330,CHEMBL1241483,3860.0,nM,COc1cc(-c2nn(C(C)C)c3ncnc(N)c23)ccc1F,5.413412695328245,301.133888352,6,1,2.8041,True
5087,CHEMBL2424676,19000.0,nM,C=CC(=O)Nc1cc(Nc2nccc(-c3cnn4ccccc34)n2)c(OC)cc1N1CCN(C)CC1,4.721246399047171,484.233522136,9,2,3.4198000000000013,True
930,CHEMBL461967,8.0,nM,COc1cc2ncnc(Nc3ccc(F)c(Cl)c3)c2cc1CNC(=O)[C@H]1CCCCN1C,8.096910013008056,457.16808094,6,2,4.275000000000003,True
1215,CHEMBL3943438,14.0,nM,COC[C@@H](Nc1ncnc2oc(-c3ccc(OC)cc3)cc12)c1ccccc1,7.853871964321762,375.158291532,6,1,4.698000000000004,True
3674,CHEMBL436137,965.0,nM,Cc1cccc(C)c1-c1cc(C)c2nc(Nc3ccc(OCCN4CCCC4)cc3)nnc2c1,6.015472686656207,453.25286061200006,6,1,5.835260000000005,True
1400,CHEMBL1645470,20.0,nM,Cc1cccc(Nc2ncnn3ccc(CN4CCC(N)CC4)c23)c1,7.698970004336019,336.206244768,6,2,2.7044200000000007,True
3909,CHEMBL2385964,1500.0,nM,Cc1ncc(C#N)c(Nc2ccc(OCc3ccccn3)c(Cl)c2)c1C#Cc1ccc(CNCCS(C)(=O)=O)o1,5.823908740944319,575.1394029920002,9,2,4.759700000000004,True
2928,CHEMBL596964,268.0,nM,COc1cc2ncnc(NCc3ccc(F)cc3)c2cc1OCCCCCCC(=O)NO,6.571865205971211,442.201633564,7,3,4.224300000000002,True
5491,CHEMBL595497,160300.0,nM,CCCC(=Cc1coc2nc(=N)[nH]c(N)c12)c1ccccc1OC,3.795066477645856,324.15862588,5,3,3.5668700000000007,True
4152,CHEMBL248045,2580.0,nM,COc1ccc2c(N[C@@H]3C[C@H]3c3ccccc3)c(C#N)cnc2c1,5.58838029403677,315.137162164,4,1,4.0830800000000025,True
4541,CHEMBL3263364,5530.0,nM,COc1ccc(C2=NN(C3=NC(=O)CS3)C(c3cccc4ccccc34)C2)cc1,5.257274868695301,401.119797848,5,0,4.628900000000003,True
598,CHEMBL3633143,4.0,nM,C=CC(=O)Nc1cccc(-n2c(=O)cc(C)c3cnc(Nc4ccc(N5CCN(C)CC5)cc4OC)nc32)c1,8.397940008672037,525.2488378520001,9,2,3.717620000000003,True
2744,CHEMBL111038,190.0,nM,COc1cc2ncc(C#N)c(Nc3cccc(Br)c3)c2cc1OC,6.721246399047171,383.026938788,5,1,4.629780000000003,True
1743,CHEMBL256529,33.0,nM,CO/N=C/c1c(N)ncnc1Nc1ccc(OCc2cc(F)cc(F)c2)c(Cl)c1,7.481486060122112,419.096058872,7,2,4.293300000000003,True
4811,CHEMBL4205869,8870.0,nM,COc1cc(N2CCN(C)CC2)ccc1Nc1ncc(Cl)c(Oc2cccc([N+](=O)[O-])c2)n1,5.052076380168273,470.146930896,9,1,4.334500000000003,True
3954,CHEMBL48614,1680.0,nM,CN1CCC(c2c(O)cc(O)c3c2O/C(=C\c2ccccc2Cl)C3=O)CC1,5.774690718274137,385.1080858,5,2,4.176600000000002,True
4237,CHEMBL519147,3180.0,nM,Nc1nc(Nc2ccc(Cl)cc2)c2cc(CCc3ccccc3)[nH]c2n1,5.497572880015568,363.125073256,4,3,4.722300000000002,True
3404,CHEMBL3975588,650.0,nM,C=CC(=O)Nc1cccc(Oc2nc(Nc3ccccc3OC)ncc2Cl)c1,6.187086643357144,396.098918084,6,2,4.799000000000002,True
282,CHEMBL2138625,1.4,nM,C=CC(=O)Nc1cc2c(Nc3ccc(F)c(Cl)c3)ncnc2cc1C#CC(C)(C)N1CCN(C)CC1,8.853871964321762,506.19971541600006,6,2,4.667900000000004,True
4371,CHEMBL195218,4200.0,nM,CONC(=O)c1cc(Nc2ncnn3cc(NC(=O)OCCCS(C)(=O)=O)c(C(C)C)c23)c(F)cc1F,5.376750709602099,540.160259992,10,3,3.148900000000002,True
5083,CHEMBL2316156,18600.0,nM,COc1ccc(/C=C2\CCC/C(=C\c3cc(OC)cc(OC)c3)C2=O)cc1,4.730487055782084,364.167459248,4,0,4.932400000000005,True
4426,CHEMBL2424801,4700.0,nM,O=C(/C=C/c1cccnc1)Nc1ccc2ncnc(Nc3cccc(Cl)c3)c2c1,5.327902142064282,401.104337812,5,2,5.073700000000002,True
2722,CHEMBL572030,180.0,nM,C=COC(=O)N(CCN(C)C)/N=N/c1ccc2ncnc(Nc3cccc(Cl)c3)c2c1,6.7447274948966935,439.152350624,8,1,5.1692000000000045,True
751,CHEMBL3699584,5.5,nM,C=CC(=O)Nc1cccc(Nc2nc(Nc3ccc(N4CCN(C(=O)CO)CC4)cc3OC)ncc2C(F)(F)F)c1,8.259637310505756,571.2154870359999,9,4,3.7566000000000015,True
4245,CHEMBL3740131,3220.0,nM,CCOC(=O)c1nn(-c2ccccc2)cc1C(=O)c1c(C)[nH]c(-c2ccccc2)c1-c1ccccc1,5.492144128304169,475.1895916600001,5,1,6.250520000000005,True
1670,CHEMBL4280993,29.9,nM,C=C=CC(=O)Nc1cc(Nc2nccc(-c3cn(C)c4ccccc34)n2)c(C)cc1N(C)CCN(C)C,7.52432881167557,495.2746586760001,7,2,4.964720000000004,True
19,CHEMBL193160,0.12,nM,O=C(CCl)Nc1ccc2ncnc(Nc3cccc(I)c3)c2c1,9.920818753952377,437.974436684,4,2,4.155300000000002,True
4396,CHEMBL115519,4400.0,nM,COc1cc(/C=C(\C#N)C(N)=O)cc(CSc2nc3cc(Cl)ccc3s2)c1O,5.356547323513812,431.016510988,7,2,4.348480000000002,True
4993,CHEMBL472942,13570.0,nM,COc1cc2nccc(Nc3ccc(F)c(Cl)c3)c2cc1NC(=O)/C=C/CN1CCOCC1,4.867420152340263,470.152096528,6,2,4.606400000000003,True
3318,CHEMBL2064389,570.0,nM,O=c1oc2cc3ncnc(Nc4ccc(F)c(F)c4)c3cc2n1CCCN1CCOCC1,6.2441251443275085,441.161245972,8,1,3.2818000000000014,True
1837,CHEMBL93461,40.0,nM,CC(=O)Nc1ccc2c(Nc3cccc(Br)c3)ncnc2c1,7.397940008672037,356.0272731360001,4,2,4.094300000000002,True
5533,CHEMBL76082,560000.0,nM,N#CC(C#N)=Cc1cc2c(cc1[N+](=O)[O-])OCO2,3.2518119729938,243.02800564,6,0,1.7540600000000002,True
3358,CHEMBL3353404,600.0,nM,C=CC(=O)Nc1cc(Nc2ncc(Cl)c(-c3cnn4ccccc34)n2)c(OC)cc1N(C)CCN(C)C,6.221848749616356,520.210199848,9,2,4.319200000000003,True
3664,CHEMBL1242024,954.0,nM,Cc1cc(O)ccc1-c1nn(C(C)C)c2ncnc(N)c12,6.020451625295905,283.143310164,6,2,2.67042,True
1028,CHEMBL3814182,9.05,nM,S=C(NCCN1CCOCC1)Nc1ccc2ncnc(Nc3ccc(Cl)c(Cl)c3)c2c1,8.043351420794796,476.095285684,6,3,4.298800000000003,True
3414,CHEMBL251315,662.0,nM,CCOc1cc2ncnc(C#C[C@](C)(Cc3ccccc3)N3CCC(C(=O)O)CC3)c2cc1OCC,6.1791420105603,487.24710653599993,6,1,4.576700000000003,True
3432,CHEMBL1221700,689.0,nM,C=CC(=O)Nc1ccc2ncnc(Nc3ccc(C(C)(C)C)cc3)c2c1,6.161780778092375,346.179361324,4,2,4.795400000000003,True
2652,CHEMBL190567,150.0,nM,COCC(=O)Nc1ccc2ncnc(Nc3cccc(I)c3)c2c1,6.823908740944319,434.02397372,5,2,3.5629000000000017,True
4335,CHEMBL541307,3900.0,nM,CN(C)CC(CNNC(N)=O)C(=O)c1ccc(OCc2ccccc2)cc1.Cl,5.4089353929735005,406.177168404,5,3,2.220800000000002,True
354,CHEMBL31622,2.0,nM,C=CC(=O)Nc1cc2c(Nc3cccc(C)c3)ncnc2cc1OCCCN1CCN(C)CC1,8.698970004336019,460.258674264,7,2,3.8226200000000015,True
5564,CHEMBL261238,5000000.0,nM,CN(c1cccnc1)c1cc2c(Nc3ccc(F)c(Cl)c3)c(C#N)cnc2cn1,2.3010299956639813,404.095250348,6,1,5.200480000000003,True
3107,CHEMBL3805280,387.8,nM,COCCOc1cc2ncnc(Nc3ccc(F)c(C#N)c3)c2c2c1OCCO2,6.411392195257314,396.123383244,8,1,3.180580000000001,True
2163,CHEMBL76432,68.0,nM,c1ccc(-c2cc3ncnc(Nc4ccc5[nH]ccc5c4)c3s2)cc1,7.167491087293763,342.093917448,4,2,5.583200000000002,True
3411,CHEMBL2325087,660.0,nM,NC(=S)N1N=C(c2ccc(Cl)c(Cl)c2)CC1c1ccc2ccccc2c1,6.180456064458131,399.03637384,2,1,5.541300000000003,True
3738,CHEMBL3233771,1040.0,nM,COCCNC/C=C/C(=O)Nc1cc2c(Nc3ccc(F)c(Cl)c3)ncnc2s1,5.982966660701219,435.093201748,7,3,3.9581000000000017,True
4732,CHEMBL462338,7700.0,nM,COc1nc(Nc2ccc(-c3nc4ccccc4s3)cc2)c2cc[nH]c2n1,5.113509274827518,373.0997311,6,2,4.986800000000002,True
4872,CHEMBL1172957,10000.0,nM,NS(=O)(=O)c1ccc(Nc2nc(N3CCOCC3)nc3[nH]cnc23)cc1,5.0,375.1113584040001,8,3,0.5805000000000002,True
2471,CHEMBL318736,105.0,nM,CCCCOc1cc2ncnc(Nc3cccc(Br)c3)c2cc1OCCCC,6.978810700930062,443.12083917199993,5,1,6.493700000000005,True
1625,CHEMBL4070640,27.4,nM,CCC(=O)N1CC[C@H](N2C(=O)N(c3ccccc3OC)Cc3cnc(Nc4ccc(N5CCN(C)CC5)c(C)c4)nc32)C1,7.562249437179612,584.3223371400001,8,1,4.246520000000004,True
1864,CHEMBL68920,41.0,nM,Cc1cc(C)c(/C=C2\C(=O)Nc3ncnc(Nc4ccc(F)c(Cl)c4)c32)[nH]1,7.387216143280264,383.09491600000007,4,3,4.450340000000002,True
2703,CHEMBL7819,170.0,nM,COc1cc(O)c2c(=O)c(-c3cccc(Cl)c3)cn(C)c2c1,6.769551078621726,315.066220988,4,1,3.573100000000002,True
1067,CHEMBL135902,10.0,nM,COc1cc2ncnc(Sc3cccc(Cl)c3)c2cc1OC,8.0,332.038626336,5,0,4.451600000000003,True
2960,CHEMBL3676377,286.0,nM,C=CC(=O)Nc1cc2c(Nc3ccc(Br)c(Cl)c3F)ncnc2cc1OC[C@@H](C)NC(=O)CN(C)C,6.543633966870956,578.08440666,7,3,4.498000000000004,True
2533,CHEMBL196925,120.0,nM,CCOC(=O)c1cn2ncnc(Nc3ccc4c(cnn4Cc4ccccc4)c3)c2c1CC,6.920818753952375,440.196074008,8,1,4.610000000000004,True
4469,CHEMBL2385992,5000.0,nM,Cc1ccc(NC(=O)/C=C/CN(C)C)cc1C(=O)Nc1nccc(-c2cccnc2)n1,5.301029995663981,416.196074008,6,2,3.1556200000000008,True
5013,CHEMBL589120,14720.0,nM,CN(C(=O)c1ccc(N(CCCl)CCCl)cc1)c1ccccc1,4.83209218999852,350.09526862,2,0,4.247200000000004,True
1259,CHEMBL250523,15.0,nM,COc1cc2ncnc(C#CCOc3ccccc3)c2cc1OC,7.823908740944319,320.116092372,5,0,3.077500000000001,True
3326,CHEMBL1241491,575.0,nM,Nc1ncnc2c1c(-c1ccc3occc3c1)nn2C1CCCC1,6.2403321553103694,319.143310164,6,1,3.9368000000000025,True
3185,CHEMBL422758,450.0,nM,COc1cc2c(Nc3c(F)cc(Cl)cc3F)ncnc2cc1OCC1CCN(C)CC1,6.346787486224656,448.14776009600007,6,1,5.034200000000005,True
295,CHEMBL3663924,1.5,nM,C=CC(=O)Nc1cccc(Oc2nc(Nc3ccc(N4CCN(C)CC4)cc3)c(C(N)=O)nc2C(C)C)c1,8.823908740944319,515.264487916,8,3,4.111100000000002,True
2332,CHEMBL500217,90.0,nM,O=C(O[C@H]1CN[C@H](C#Cc2cc3ncnc(Nc4ccc5c(ccn5Cc5ccccc5)c4)c3s2)C1)N1CCOCC1,7.045757490560675,578.2100098200001,9,2,4.988700000000004,True
1838,CHEMBL1645467,40.0,nM,NC1CCN(Cc2ccn3ncnc(Nc4ccccc4)c23)CC1,7.397940008672037,322.190594704,6,2,2.395999999999999,True
5129,CHEMBL3628816,21180.0,nM,Clc1ccc2c(c1)SCc1cnc(Nc3ccccc3)nc1-2,4.674074044228534,325.04404606400004,4,1,5.146300000000003,True
4722,CHEMBL98798,7600.0,nM,COc1cc2ncnc(Oc3cccc(Br)c3)c2cc1OC,5.119186407719209,360.01095437600003,5,0,4.201800000000003,True
2640,CHEMBL3416612,150.0,nM,C[C@@H](Nc1ncnc2sc(Br)cc12)c1ccc(F)cc1,6.823908740944319,350.984108672,4,1,4.766000000000002,True
4652,CHEMBL2064391,6800.0,nM,CC(=O)c1cccc(Nc2ncnc3cc4oc(=O)n(CCCN5CCOCC5)c4cc23)c1,5.167491087293763,447.1906542800001,9,1,3.2062000000000017,True
1187,CHEMBL3676361,13.0,nM,C=CC(=O)Nc1cc2c(Nc3ccc(Br)c(Cl)c3F)ncnc2cc1OCCNC(C)=O,7.886056647693163,521.0265574360001,6,3,4.567800000000003,True
2489,CHEMBL202721,110.0,nM,COc1cc2c(Nc3ccc(NC(=O)c4ccccc4)cc3)ncnc2cc1OCCCN1CCOCC1,6.958607314841775,513.237604472,8,2,4.735400000000003,True
5101,CHEMBL1173022,19730.0,nM,CC(=O)N1N=C(c2ccc(C)c(C)c2)CC1c1ccc(Cl)cc1,4.704872914747809,326.11859090800004,2,0,4.654440000000005,True
4423,CHEMBL2333985,4700.0,nM,COc1cc2ncnc(Nc3ccc(C(C)(F)F)cc3)c2cc1OC,5.327902142064282,345.128883224,5,1,4.502300000000004,True
2058,CHEMBL3087199,58.7,nM,C=CC(=O)N1CC[C@H](N2C(=O)N(C3CCCC3)Cc3cnc(Nc4ccc(N5CCN(C)CC5)cc4OC)nc32)C1,7.231361898752386,560.3223371400001,8,1,3.452100000000001,True
734,CHEMBL1243255,5.35,nM,CCOc1cc2ncc(C#N)c(Nc3ccc(F)c(Cl)c3)c2cc1NC(=O)/C=C/CNC,8.271646217978772,453.136780812,6,3,4.755380000000003,True
157,CHEMBL162142,0.78,nM,Brc1cccc(Nc2ncnc3cnc(NCCc4c[nH]cn4)cc23)c1,9.10790539730952,409.065055612,6,3,3.9086,True
396,CHEMBL332906,2.0,nM,Nc1ccc(-c2[nH]nc3ncnc(Nc4cccc(Cl)c4)c23)cc1,8.698970004336019,336.089022096,5,3,3.999100000000001,True
2271,CHEMBL427671,81.0,nM,Cc1ccn2ncnc(Nc3ccc4c(cnn4Cc4cccc(F)c4)c3)c12,7.091514981121351,372.149872764,6,1,4.318420000000002,True
1225,CHEMBL497804,14.0,nM,O[C@H]1CN[C@H](C#Cc2cc3ncnc(Nc4ccc(OCc5cccc(F)c5)c(Cl)c4)c3s2)C1,7.853871964321762,494.09795278,7,3,4.880700000000003,True
345,CHEMBL3815163,1.81,nM,S=C(NCCN1CCOCC1)Nc1ccc2ncnc(Nc3cccc(Br)c3)c2c1,8.742321425130816,486.083742456,6,3,3.754500000000001,True
4211,CHEMBL13485,3000.0,nM,CCN(CC)CCNC(=O)c1c(C)[nH]c(/C=C2\C(=O)Nc3ccc(Cl)cc32)c1C,5.522878745280337,414.182253784,3,3,3.8492400000000018,True
58,CHEMBL3360603,0.31,nM,COc1cc2c(Nc3ccc(F)c(Cl)c3)ncnc2cc1OCCCCn1ccnc1[N+](=O)[O-],9.508638306165729,486.12185902,9,1,5.138400000000003,True
1572,CHEMBL597948,25.9,nM,C#CCOc1cc2c(Nc3cccc(Cl)c3)ncnc2cc1OC,7.586700235918748,339.077454368,5,1,4.047400000000002,True
2217,CHEMBL3805299,74.6,nM,COCCOc1cc2ncnc(Nc3ccc(C)c([N+](=O)[O-])c3)c2c2c1OCCO2,7.127261172527331,412.1382843599999,9,1,3.386420000000002,True
2940,CHEMBL3797606,271.6,nM,C=CC(=O)Nc1cccc(Oc2nc(Nc3ccc(N4CCN(C)CC4)cc3OC)ncc2SC)c1,6.566070234391535,506.21000982,9,2,4.619300000000004,True
237,CHEMBL4206716,1.1,nM,CN1CCN(c2ccc(Nc3cc4c(N5CCCCC5)nc(Nc5ccccc5)nc4cn3)nc2)CC1,8.958607314841775,495.28589205600014,9,2,4.649100000000003,True
119,CHEMBL3360610,0.57,nM,C#Cc1cccc(Nc2ncnc3cc(OCCCCCCn4ccnc4[N+](=O)[O-])c(OC)cc23)c1,9.244125144327509,486.201553312,9,1,5.107400000000005,True
3077,CHEMBL3805260,363.3,nM,CCOC(C)Oc1cc2ncnc(Nc3ccc(C)c([N+](=O)[O-])c3)c2c2c1OCCO2,6.439734602137285,426.1539344239999,9,1,4.122520000000003,True
1761,CHEMBL4088135,34.16,nM,C#Cc1cccc(Nc2ncnc3ccc(-c4ccc(CNCCS(C)(=O)=O)o4)cc23)c1,7.466482137983032,446.14126156399993,7,2,3.7489000000000026,True
4313,CHEMBL104466,3700.0,nM,COc1cc2ncc(N[C@H]3CC[C@H](O)CC3)nc2cc1OC,5.431798275933005,303.158291532,6,2,2.3624,True
704,CHEMBL310827,5.0,nM,Cc1c[nH]c2ccc(Nc3ncnc4cc(-c5ccccc5)sc34)cc12,8.301029995663981,356.109567512,4,2,5.891620000000003,True
4303,CHEMBL2424794,3600.0,nM,O=C(/C=C/c1cccnc1Cl)Nc1ccc2ncnc(Nc3cccc(Cl)c3)c2c1,5.443697499232712,435.06536546000007,5,2,5.727100000000003,True
243,CHEMBL2032376,1.16,nM,C=CC(=O)Nc1cccc(N2C(=O)N(C)Cc3cnc(Nc4ccc(N5CCN(C)CC5)cc4OC)nc32)c1,8.935542010773082,528.2597368840001,8,2,3.808600000000003,True
2108,CHEMBL1914669,63.0,nM,C[C@@H](Nc1ncnc2[nH]c(-c3ccc(Br)cc3)cc12)c1ccccc1,7.200659450546418,392.063658644,3,2,5.560500000000004,True
3640,CHEMBL399735,921.0,nM,COc1cc2ncnc(Nc3cccc(C#Cc4ccccc4)c3)c2cc1OC,6.03574036980315,381.147726848,5,1,4.790400000000004,True
5016,CHEMBL3798658,15000.0,nM,O=C(Nc1cccc(C(O)c2ccccc2)c1)c1cc2ccccc2[nH]1,4.823908740944319,342.13682781600005,2,3,4.501900000000003,True
4515,CHEMBL1241486,5320.0,nM,COc1cc(-c2nn(C(C)C)c3ncnc(N)c23)ccc1NC(C)CO,5.274088367704952,356.196074008,8,3,2.4577000000000004,True
4786,CHEMBL3747055,8540.0,nM,COc1ccc(C2=NN(C(C)=O)C(c3ccc(C(=O)OCCn4c([N+](=O)[O-])cnc4C)cc3)C2)cc1,5.068542129310995,491.18048352000005,9,0,3.6629200000000015,True
5212,CHEMBL1945450,27050.0,nM,Cc1ccc(S(=O)(=O)NC(=O)c2cccnc2Cl)cc1,4.567832730557412,310.017890892,4,1,2.16212,True
2379,CHEMBL332971,96.0,nM,COc1ccc(-c2[nH]nc3ncnc(Nc4cccc(Cl)c4)c23)cc1,7.017728766960431,351.088687748,5,2,4.425500000000002,True
4881,CHEMBL523586,10000.0,nM,NC[C@H](Cc1cccc(F)c1)NC(=O)c1cc(Br)c(-c2ccnc3[nH]ccc23)s1,5.0,472.0368725160001,4,3,4.492800000000003,True
3199,CHEMBL538814,460.0,nM,Cl.O=[N+]([O-])c1ccc2sc3c(Nc4cccc(C(F)(F)F)c4)ncnc3c2c1,6.337242168318426,426.0165089,6,1,5.936900000000002,True
3699,CHEMBL230232,1000.0,nM,N#Cc1cnc2c(Br)cc(NCc3c[nH]nn3)cc2c1Nc1ccc(F)c(Cl)c1,6.0,471.001011384,6,3,5.135280000000001,True
1953,CHEMBL3752074,48.81,nM,COc1cc(NC(=O)Nc2ccccn2)cc(-c2cccnc2)c1OC,7.311491192343478,350.137890436,5,2,3.804800000000002,True
1409,CHEMBL31630,20.0,nM,C=CC(=O)N(C)c1nc2c(Nc3ccc(F)c(Cl)c3)ncnc2cc1OCCCN1CCOCC1,7.698970004336019,500.173894592,8,1,3.810800000000002,True
3885,CHEMBL1242758,1400.0,nM,Nc1ncnc2c1c(-c1cccc3[nH]ccc13)nn2C1CCCC1,5.853871964321762,318.159294576,5,2,3.6719000000000017,True
4250,CHEMBL592707,3260.0,nM,Cc1ccc(/C=N/NC2=NC(=O)CS2)cc1,5.486782399932061,233.062282972,4,1,1.5479199999999995,True
5393,CHEMBL3335245,76700.0,nM,CCOc1cc(Br)c(Br)c(/C=N/c2ccc3[nH]c(=O)[nH]c3c2)c1O,4.115204636051019,452.932365476,4,3,4.236100000000002,True
3162,CHEMBL4081429,427.7,nM,C=CC(=O)Nc1cc(Nc2nccc(-c3cn4c5c(cccc35)CCC4)n2)c(OC)cc1N1CCNC(=O)C1,6.368860749743189,523.233187788,8,3,3.857400000000001,True
2474,CHEMBL3947759,106.0,nM,C=CC(=O)Nc1cccc(Nc2nc(Nc3ccc(OCCn4ccnc4)cc3)ncc2Cl)c1,6.97469413473523,475.15235062400006,8,3,5.017200000000003,True
3742,CHEMBL3734786,1040.0,nM,Cc1nc2cnc(Nc3ccnc(N4CC[C@H](O)C(F)(F)C4)n3)cc2n1C(C)C,5.982966660701219,403.19321479600006,8,2,3.060520000000001,True
3960,CHEMBL4208224,1700.0,nM,Cc1c2cc(Cl)ccc2n2cc(Cc3ccccc3)[nH]c(=O)c12,5.769551078621726,322.08729078,2,1,4.333420000000003,True
1202,CHEMBL399953,13.0,nM,COc1cc2ncnc(C#CC(C)(C)Cc3ccccc3)c2cc1OC,7.886056647693163,346.16812794399993,4,0,4.267400000000004,True
1917,CHEMBL72393,46.0,nM,Brc1cccc(Nc2ncnc3[nH]c4c(c23)CCCC4)c1,7.337242168318426,342.04800858000004,3,2,4.342800000000002,True
4578,CHEMBL253969,5853.4,nM,NC(=O)c1c(OCc2c(F)cc(Br)cc2F)nsc1NC(=O)NCCCCN1CCCC1,5.232591796771347,531.0751291680001,6,3,3.859200000000003,True
5332,CHEMBL3797839,50000.0,nM,CC(=O)c1ccc(NC(=O)c2cc3ccccc3[nH]2)cc1,4.301029995663981,278.105527688,2,2,3.6228000000000016,True
3696,CHEMBL336113,1000.0,nM,Cc1cccc(Nc2ncnc3ccc(N)cc23)c1,6.0,250.121846448,4,2,3.2640200000000004,True
4610,CHEMBL2047027,6170.0,nM,C#Cc1cccc(NC(=O)c2cccc(NC(=O)CCCCCC(=O)NO)c2)c1,5.209714835966759,393.168856216,4,4,3.3146000000000013,True
3874,CHEMBL173453,1400.0,nM,Nc1ncnc2c1c(-c1ccccc1)cn2-c1ccc(CNCCO)cc1,5.853871964321762,359.174610292,6,3,2.7516,True
5132,CHEMBL1829274,21280.0,nM,O=C(Cc1cccc(Br)c1)NS(=O)(=O)c1ccc(Cl)cc1,4.672028376376989,386.933153992,3,1,3.150100000000001,True
2967,CHEMBL3734933,290.0,nM,CO[C@H]1CCN(c2nccc(Nc3cc4c(cn3)nc(CO)n4C(C)C)n2)C[C@H]1F,6.537602002101044,415.213201292,9,2,2.6013,True
186,CHEMBL3655342,1.0,nM,CN(C)C(=O)N1CCN(C/C=C/C(=O)N2CCc3c(sc4ncnc(Nc5ccc(F)c(Cl)c5)c34)C2)CC1,9.0,557.1776000680001,7,1,3.967500000000002,True
1914,CHEMBL4225191,45.0,nM,C=CC(=O)Nc1cccc(NC(=O)Nc2ccnc(Nc3ccc(N4CCC(N(C)C)CC4)cc3OC)n2)c1,7.346787486224656,530.2753869480001,8,4,4.527700000000004,True
2248,CHEMBL379093,79.0,nM,Fc1cccc(COc2ccc(Nc3ncncc3C#Cc3ccccc3)cc2Cl)c1,7.102372908709558,429.104418064,4,1,5.991500000000004,True
4963,CHEMBL118205,12500.0,nM,COc1cc(/C=C(\C#N)C(N)=O)cc(CSc2nc3ccccc3o2)c1O,4.903089986991944,381.07832696,7,2,3.2265800000000016,True
5119,CHEMBL1173023,20610.0,nM,CC(=O)N1N=C(c2ccc(C)c(C)c2)CC1c1ccc(Br)cc1,4.685922008220787,370.068075328,2,0,4.763540000000004,True
5315,CHEMBL1641997,45200.0,nM,N#Cc1cnc(Nc2cccc(Br)c2)c2cc(NC(=O)c3ccoc3)ccc12,4.3448615651886175,432.022187756,5,2,5.457880000000002,True
5203,CHEMBL1828880,26200.0,nM,COc1ccc(CC(=O)NS(=O)(=O)c2ccccc2)cc1,4.581698708680254,305.07217896000003,4,1,1.7428,True
548,CHEMBL36164,3.5,nM,OCCN(CCO)Cc1c[nH]c2cc3ncnc(Nc4cccc(Br)c4)c3cc12,8.455931955649724,455.095687044,6,4,3.4038000000000004,True
2684,CHEMBL3922922,164.0,nM,CCOc1cc2ncnc(Nc3ccc(OCc4ccccn4)cc3)c2cc1NC(=O)/C=C/CN1CCN(C)CC1,6.785156151952302,553.28013798,9,2,4.488200000000003,True
5068,CHEMBL1242209,18000.0,nM,Cc1ccc2ccc(-c3nn(C(C)C)c4ncnc(N)c34)cc2n1,4.7447274948966935,318.159294576,6,1,3.513020000000001,True
989,CHEMBL385471,9.0,nM,COc1cc2ncnc(Nc3cc(Cl)ccc3F)c2cc1OCC1CCN(C)CC1,8.045757490560675,430.157181908,6,1,4.895100000000004,True
2615,CHEMBL3946259,140.0,nM,Cc1ccc2c(c1)nc(NC(=O)c1cccc(C(F)(F)F)c1)n2[C@H]1CC[C@H](O)CC1,6.853871964321762,417.166411604,4,2,5.091820000000004,True
5517,CHEMBL122522,370000.0,nM,COc1cc(C=C(C#N)C#N)cc(CSc2ccccc2)c1O,3.431798275933005,322.077598688,5,1,4.123660000000004,True
4596,CHEMBL296419,6057.0,nM,COc1ccc(CCN2CCC(Nc3nc4ccccc4n3Cc3ccc(F)cc3)CC2)cc1,5.217742426336699,458.248189832,5,1,5.351300000000005,True
3171,CHEMBL4073062,436.3,nM,C=CC(=O)N1CC[C@@H](n2c(=O)cc(C)c3cnc(Nc4ccc(N5CCN(C)CC5)cc4OC)nc32)C1,6.36021478701318,503.26448791600006,9,1,2.56332,True
743,CHEMBL3699611,5.5,nM,C=CC(=O)Nc1cccc(Oc2nc(Nc3ccc(N4CCCOCC4)cc3OC)ncc2Cl)c1,8.259637310505756,495.167331992,8,2,5.025700000000004,True
528,CHEMBL4071058,3.2,nM,CC(C)(C)OC(=O)NCC(=O)Nc1ccc2ncnc(Nc3cccc(Br)c3)c2c1,8.494850021680094,471.090601664,6,3,4.599100000000003,True
2439,CHEMBL2448067,100.0,nM,COc1cc2c(Nc3ccc(Cl)cc3F)ncnc2cc1OCCCN1CCCC1.Cl,7.0,466.13385962,6,1,5.461000000000006,True
1465,CHEMBL4103440,21.0,nM,COc1ccc(-c2nnc(-n3c(-c4ccccc4)nc4cc(Cl)ccc4c3=O)s2)cc1,7.67778070526608,446.0604244,7,0,5.233200000000003,True
3397,CHEMBL3894076,650.0,nM,C=CC(=O)Nc1cccc(Oc2nc(Nc3cccc(OC)c3OC)ncc2Br)c1,6.187086643357144,470.05896718800005,7,2,4.916700000000003,True
127,CHEMBL3920583,0.65,nM,O=C(CCCCCn1cc(-c2ccc3ncnc(Nc4ccc(F)c(Cl)c4)c3c2)nn1)NO,9.187086643357144,469.1429288120001,8,3,4.490200000000003,True
2466,CHEMBL256527,104.0,nM,CO/N=C/c1c(N)ncnc1Nc1ccc2c(cnn2Cc2ccc(F)cc2)c1,6.982966660701219,391.155686416,8,2,3.3198000000000025,True
2220,CHEMBL3676372,75.0,nM,C=CC(=O)Nc1cc2c(Nc3ccc(Br)c(Cl)c3)ncnc2cc1OCCNC(=O)CN(C)C,7.1249387366083,546.078178408,7,3,3.9704000000000015,True
4447,CHEMBL1958020,4860.0,nM,O=C1CSC(N2N=C(c3ccccc3)CC2c2ccc(F)cc2)=N1,5.313363730737707,339.084161288,4,0,3.606200000000003,True
646,CHEMBL4082362,4.5,nM,C=CC(=O)Nc1ccc(OC)c(Nc2cc(-c3[nH]c(SC)nc3C3CCCC3)ccn2)c1,8.346787486224656,449.18854610400007,6,3,5.727900000000004,True
5092,CHEMBL589832,19260.0,nM,O=C(Nc1ccc([N+](=O)[O-])cc1)c1ccc(N(CCCl)CCCl)cc1,4.715343717211485,381.064696764,4,1,4.131100000000003,True
4604,CHEMBL3088224,6130.0,nM,Cc1ccc(C(=O)N/N=C(/Cn2c([N+](=O)[O-])cnc2C)c2ccc(Br)cc2)cc1,5.212539525481585,455.059301536,6,1,4.004940000000002,True
681,CHEMBL2087355,5.0,nM,Brc1cccc(Nc2ncnc3cc4c(cc23)OCCOCCOCCO4)c1,8.301029995663981,445.0637182199999,7,1,3.9403000000000015,True
2480,CHEMBL3416597,108.0,nM,COc1ccccc1-c1cc2c(NCc3ccncc3)ncnc2s1,6.96657624451305,348.10448213200004,6,1,4.374000000000001,True
273,CHEMBL176891,1.32,nM,CN(C)CCn1cnc2cc3ncnc(Nc4cccc(Br)c4)c3cc21,8.87942606879415,410.085456708,6,1,4.047200000000003,True
151,CHEMBL28418,0.75,nM,C=CC(=O)Nc1ccc2ncnc(Nc3ccc(F)c(Cl)c3)c2n1,9.1249387366083,343.06361587200007,5,2,3.685400000000001,True
3478,CHEMBL166766,730.0,nM,Nc1ncnc2c1c(-c1ccccc1)cn2C1CCC1,6.136677139879544,264.137496512,4,1,3.4055000000000017,True
3971,CHEMBL592711,1720.0,nM,O=C(Nc1ccc(F)cc1)c1ccc(N(CCCl)CCCl)cc1,5.764471553092451,354.07019674400004,2,1,4.362000000000004,True
1554,CHEMBL3409484,25.0,nM,CS(=O)(=O)CCNCc1ccc(-c2cc3c(Nc4ccc(OCc5ccccc5)cc4)ncnc3cn2)o1,7.602059991327962,529.1783753440001,9,2,4.741600000000004,True
201,CHEMBL3416592,1.0,nM,COc1ccccc1-c1cc2c(N[C@H](CO)c3ccccc3)ncnc2s1,9.0,377.1197978480001,6,2,4.512400000000002,True
417,CHEMBL3814447,2.22,nM,C#Cc1cccc(Nc2ncnc3ccc(NC(N)=O)cc23)c1,8.653647025549361,303.112010036,4,3,2.8453,True
455,CHEMBL281543,2.7,nM,C=CC(=O)Nc1nc2c(Nc3ccc(F)c(Cl)c3)ncnc2cc1CCCCN1CCOCC1,8.568636235841012,484.178979972,7,2,4.340300000000003,True
2355,CHEMBL4093766,91.8,nM,C=CC(=O)N1CC[C@H](n2c(=O)cc(C)c3cnc(Nc4ccc(N5CCN(C)CC5)cc4OC)nc32)C1,7.037157318798758,503.26448791600006,9,1,2.56332,True
4066,CHEMBL589822,2180.0,nM,O=C1CSC(N/N=C/c2ccc(F)cc2)=N1,5.661543506395395,237.037211096,4,1,1.3786,True
1540,CHEMBL2179119,24.1,nM,Oc1ccc(-c2nc(-c3ccc(F)cc3)c(-c3ccnc4[nH]c(-c5ccccc5)cc34)[nH]2)cc1,7.617982957425132,446.154289448,3,3,6.798700000000005,True
3207,CHEMBL93295,463.0,nM,COc1cc2nc(N)nc(Nc3cccc(Br)c3)c2cc1OC,6.334419008982047,374.03783782,6,2,3.7353000000000014,True
1827,CHEMBL137617,39.0,nM,C/N=N/Nc1ccc2ncnc(Nc3cccc(Br)c3)c2c1,7.4089353929735005,356.038506516,5,2,4.544800000000002,True
2543,CHEMBL4072986,120.0,nM,S=C(Nc1ccc2ncnc(Nc3cccc(Cl)c3)c2c1)Nc1ncc(Cl)s1,6.920818753952375,445.994191744,6,3,5.945600000000002,True
5482,CHEMBL482715,122000.0,nM,Nc1nc(Nc2ccc(F)c(C(F)(F)F)c2)c2cc(CCc3ccccc3)[nH]c2n1,3.913640169325252,415.1420084240001,4,3,5.2268000000000026,True
982,CHEMBL136058,8.8,nM,O=C(/C=C/C(=O)Nc1cc2c(Nc3cccc(Br)c3)ncnc2cn1)NCCCN1CCOCC1,8.05551732784983,539.1280497920002,8,3,2.8641000000000005,True
2229,CHEMBL207869,77.0,nM,Fc1cccc(COc2ccc(Nc3ncncc3C#Cc3ncccn3)cc2Cl)c1,7.113509274827518,431.09491600000007,6,1,4.781500000000002,True
63,CHEMBL163369,0.35,nM,OCCN(CCO)CCCNc1cc2c(Nc3cccc(Br)c3)ncnc2cn1,9.455931955649724,460.1222361400001,8,4,2.6194999999999995,True
3871,CHEMBL1242029,1400.0,nM,COc1cccc(-c2nn(C(C)C)c3ncnc(N)c23)c1,5.853871964321762,283.143310164,6,1,2.665,True
5546,CHEMBL421877,850000.0,nM,COc1cc(C=C(C#N)C#N)cc(OC)c1O,3.070581074285707,230.06914218,5,1,1.83996,True
3237,CHEMBL4209588,500.0,nM,Cc1c(C(=O)NC(CO)Cc2ccccc2)[nH]c2ccc(Cl)cc12,6.301029995663981,342.113505528,2,3,3.4631200000000018,True
2820,CHEMBL4083224,209.0,nM,CCC(=O)N1CC[C@H](N2C(=O)N(c3cc(OC)ccc3F)Cc3cnc(Nc4ccc(N5CCCN(C)CC5)c(C)c4)nc32)C1,6.679853713888946,616.3285653920001,8,1,4.775720000000004,True
3521,CHEMBL2426280,790.0,nM,COc1cc(N2CCN(C(C)=O)CC2)ccc1Nc1ncc(Cl)c(-c2c[nH]c3ccccc23)n1,6.102372908709558,476.17275172000006,6,2,4.699000000000003,True
3253,CHEMBL63356,500.0,nM,Oc1cc2cc(-c3cccnc3)cnc2cc1O,6.301029995663981,238.07422756,4,2,2.7080000000000006,True
1412,CHEMBL1272222,20.0,nM,C=CC(=O)N1CCc2c(sc3ncnc(N[C@H](C)c4ccccc4)c23)C1,7.698970004336019,364.13578226,5,1,3.935100000000002,True
2170,CHEMBL3297898,68.2,nM,COc1ccc(N(C)c2nc(C)nc3oc(C)cc23)cc1,7.166215625343521,283.132076784,5,0,3.6161400000000015,True
1843,CHEMBL504034,40.0,nM,CS(=O)(=O)CCNC(=O)O[C@H]1CN[C@H](C#Cc2cc3ncnc(Nc4ccc(OCc5cccc(F)c5)c(Cl)c4)c3s2)C1,7.397940008672037,643.1126168640001,10,3,4.659200000000004,True
3957,CHEMBL3604935,1700.0,nM,Cc1cc(Nc2cc(N3CCN(C)CC3)nc(Oc3ccc(NC(=O)/C=C/CN(C)C)cc3)n2)n[nH]1,5.769551078621726,491.27572129600014,9,3,2.85212,True
3701,CHEMBL1242754,1000.0,nM,CC(C)n1nc(-c2cnc3ccccc3c2)c2c(N)ncnc21,6.0,304.143644512,6,1,3.2046,True
3601,CHEMBL2048793,890.0,nM,O=C1NCc2c(Oc3ccc(Nc4ncnc5ccn(CCO)c45)cc3Cl)cccc21,6.050609993355087,435.109817116,7,3,3.856300000000002,True
3878,CHEMBL1240554,1400.0,nM,CCOc1ccc(-c2nn(C3CCCC3)c3ncnc(N)c23)cc1OC,5.853871964321762,353.185174976,7,1,3.597900000000002,True
4833,CHEMBL3746168,9260.0,nM,CC(=O)N1N=C(c2ccc(Cl)cc2)CC1c1ccc(C(=O)OC(C)Cn2c([N+](=O)[O-])cnc2C)cc1,5.033389013318066,509.146596548,8,0,4.696220000000005,True
2553,CHEMBL3933895,122.0,nM,CCOc1cc2ncnc(Nc3ccc4c(ccn4S(=O)(=O)c4ccccc4)c3)c2cc1NC(=O)/C=C/CN1CCOCC1,6.913640169325252,612.215489124,10,2,4.790700000000003,True
4129,CHEMBL77397,2500.0,nM,COc1cc(/C=C(\C)[N+](=O)[O-])ccc1OS(=O)(=O)c1ccc(C(=O)O)cc1,5.6020599913279625,393.05183744,7,1,2.7986000000000013,True
2641,CHEMBL1951415,150.0,nM,Nc1nccc(-c2c(-c3ccc(F)cc3)ncn2C2CCCCC2)n1,6.823908740944319,337.17027386,5,1,4.233600000000003,True
189,CHEMBL3678946,1.0,nM,CC(C)n1c(Nc2ccccc2)nc2cnc(Nc3ccc(C(=O)NC4CCN(C)CC4)cc3)nc21,9.0,484.269907644,8,3,4.718400000000004,True
1131,CHEMBL4087570,11.0,nM,C=CC(=O)Nc1cccc(Nc2nc(Nc3ccc(/C=C/c4cc(C)cc(C)c4)cc3)ncc2F)c1,7.958607314841775,479.212138672,5,3,7.014640000000005,True
3638,CHEMBL511623,918.0,nM,Fc1ccc(Nc2ncnc3nc(NCCN4CCOCC4)sc23)cc1Cl,6.037157318798758,408.093536096,8,2,3.366500000000002,True
2322,CHEMBL3671529,89.0,nM,C=CC(=O)Nc1cc2c(Nc3ccc(Br)cc3F)ncnc2cc1OCCNC(=O)CN,7.050609993355087,502.0764288200001,7,4,2.8532,True
1820,CHEMBL3416600,38.0,nM,C[C@@H](Nc1ncnc2sc(Br)cc12)c1ccccc1,7.42021640338319,332.993530484,4,1,4.626900000000003,True
3623,CHEMBL4207316,900.0,nM,CCc1c(C(=O)NC(CO)Cc2ccccc2)[nH]c2ccc(C(F)(F)F)cc12,6.045757490560675,390.155512572,2,3,4.082500000000002,True
1615,CHEMBL163168,27.0,nM,O=C(O)CCNc1cc2c(Nc3cccc(Br)c3)ncnc2cn1,7.568636235841012,387.0330867880001,6,3,3.4175000000000013,True
5252,CHEMBL1171273,32000.0,nM,COc1ccccc1/C=C/C(=O)OCCn1c([N+](=O)[O-])cnc1C,4.494850021680094,331.11682064400003,7,0,2.36492,True
4736,CHEMBL3628796,7710.0,nM,COc1cc2ncnc(Nc3ccc(NC(=O)Nc4cccc(Br)c4)cc3)c2cc1OC,5.112945621949043,493.0749516,6,3,5.797100000000004,True
3541,CHEMBL176815,800.0,nM,COc1cccc(-c2cn(-c3cccc(CO)c3)c3ncnc(N)c23)c1,6.096910013008056,346.14297581600005,6,2,3.1706000000000003,True
5303,CHEMBL314146,44000.0,nM,CCc1ccc(/C=C2\C(=O)Nc3ccccc32)s1,4.356547323513812,255.071785036,2,1,3.803200000000002,True
3340,CHEMBL3628800,590.0,nM,Fc1ccc(Oc2ncnc3ccccc23)cc1Cl,6.229147988357855,274.030918776,3,0,4.214600000000002,True
4703,CHEMBL1241776,7400.0,nM,CC(C)n1nc(-c2ccc3nc[nH]c(=O)c3c2)c2c(N)ncnc21,5.130768280269024,321.13380810000007,7,2,1.8929,True
3482,CHEMBL3797963,730.5,nM,C=CC(=O)Nc1cccc(Oc2nc(Nc3ccc(N4CCN(S(C)(=O)=O)CC4)cc3OC)ncc2SC)c1,6.136379779729685,570.1719100600001,10,2,3.9491000000000014,True
1984,CHEMBL555321,50.0,nM,Cl.Clc1cccc(Nc2ncnc3ccccc23)c1,7.301029995663981,291.03300271200004,3,1,4.4486000000000026,True
1057,CHEMBL207445,10.0,nM,COCC[C@@H](C(N)=O)N(C)Cc1cc2c(Nc3cccc(Cl)c3F)ncnc2cc1OC,8.0,461.16299556,7,2,3.496700000000001,True
1755,CHEMBL54805,34.0,nM,Brc1cccc(Nc2ncnc3cccnc23)c1,7.468521082957745,300.00105838800005,4,1,3.530900000000001,True
3270,CHEMBL4096014,518.0,nM,CCC(=O)N1CC[C@H](N2C(=O)N(c3cc(OC)ccc3F)Cc3cnc(Nc4ccc(N5CCN(C)CC5)c(CC)c4)nc32)C1,6.285670240254767,616.3285653920001,8,1,4.639600000000004,True
630,CHEMBL4082515,4.2,nM,C=CC(=O)Nc1cccc(-n2c(=O)cc(C)c3cnc(Nc4cnn(CCN(C)C)c4)nc32)c1,8.3767507096021,458.2178720720001,9,2,2.71532,True
421,CHEMBL4209801,2.3,nM,CN1CCN(c2ccc(Nc3cc4c(N5CCCC5)nc(Nc5ccccc5)nc4cn3)nc2)CC1,8.638272163982407,481.2702419920001,9,2,4.259000000000003,True
2556,CHEMBL53121,124.0,nM,Fc1cc2c(Nc3cccc(Br)c3)ncnc2cn1,6.906578314837764,317.991636576,4,1,3.670000000000001,True
765,CHEMBL3903713,5.6,nM,C(=C/c1ccccc1)\C(=N\Nc1nncc2ccccc12)c1ccccc1,8.2518119729938,350.153146576,4,1,5.159400000000003,True
2111,CHEMBL4080711,63.6,nM,Oc1cccc(Nc2ncnc3ccc(NC(=S)NCc4ccccc4)cc23)c1,7.196542884351587,401.131031228,5,4,4.565600000000002,True
3391,CHEMBL246492,640.0,nM,Fc1cccc(Cn2ncc3cc(Nc4ncnn5ccc(COC[C@@H]6COCCN6)c45)ccc32)c1,6.1938200260161125,487.213201292,9,2,3.515000000000001,True
769,CHEMBL341522,5.6,nM,Cc1cccc(Nc2ncnc3cc(NCCCN4CCN(C)CC4)ncc23)c1,8.2518119729938,391.248443928,7,2,3.1262200000000018,True
4358,CHEMBL382186,4100.0,nM,CS(=O)(=O)Nc1ccc2c(c1)CNc1c(Nc3cccc(Br)c3)ncnc1O2,5.3872161432802645,461.0157224720001,7,3,4.072000000000002,True
644,CHEMBL67057,4.5,nM,Cc1cc(C(=O)N2CCOCC2)[nH]c1/C=C1\C(=O)Nc2ncnc(Nc3ccc4c(ccn4Cc4ccccc4)c3)c21,8.346787486224656,559.2331877880001,7,3,4.824820000000003,True
4419,CHEMBL3739750,4670.0,nM,CC(=O)c1nn(-c2ccccc2)cc1C(=O)c1c(C)[nH]c(-c2ccccc2)c1-c1ccccc1,5.330683119433887,445.179026976,4,1,6.276420000000005,True
841,CHEMBL2148050,6.7,nM,CS(=O)(=O)CC(=O)NCCn1ccc2ncnc(Nc3ccc(Oc4cccc(Cl)c4)c(Cl)c3)c21,8.173925197299173,533.069130512,8,2,4.434800000000004,True
4843,CHEMBL345203,9400.0,nM,CNC(=O)CCc1c(SSc2[nH]c3ccccc3c2CCC(=O)NC)[nH]c2ccccc12,5.026872146400301,466.149718072,4,4,4.805800000000003,True
130,CHEMBL3355878,0.66,nM,COc1cc2ncnc(Nc3cccc(Br)c3)c2cc1OCCCn1ccnc1[N+](=O)[O-],9.18045606445813,498.065115188,9,1,4.718300000000004,True
1155,CHEMBL2178349,12.0,nM,CN1CCN(c2ccc(Nc3ncc4nc(Nc5ccccc5)n(C)c4n3)cc2)CC1,7.920818753952375,414.228042832,8,2,3.6023000000000023,True
4751,CHEMBL3805508,7920.0,nM,c1ccc(COc2cccc(C3CC(c4ccc5c(c4)OCCO5)=NN3c3ccccc3)c2)cc1,5.101274818410507,462.194342692,5,0,6.392500000000006,True
775,CHEMBL3622629,5.8,nM,C=CC(=O)Nc1cc2c(Nc3ccc(F)c(Cl)c3)ncnc2cc1O[C@H]1CCOC1,8.236572006437063,428.105146336,6,2,4.458100000000003,True
3136,CHEMBL248674,402.1,nM,COc1cc2ncnc(Nc3cccc(C#CCCO)c3)c2cc1OC,6.395665926897089,349.142641468,6,2,3.124500000000002,True
1776,CHEMBL157084,35.0,nM,CS(=O)(=O)CCNc1nc(-c2ccc3ncnc(Nc4ccc(F)c(Cl)c4)c3c2)cs1,7.455931955649724,477.049622684,8,2,4.745900000000002,True
884,CHEMBL3233787,7.0,nM,O=C(/C=C/CN1CCC(F)(F)CC1)Nc1cc2c(Nc3ccc(F)c(Cl)c3)ncnc2s1,8.154901959985743,481.0950935680001,6,2,5.453200000000003,True
5231,CHEMBL1910273,29500.0,nM,Nc1scc2c1c(Nc1ccc(S(N)(=O)=O)cc1)nc1ncnc(N)c12,4.530177984021837,387.05721465600016,9,4,1.7948999999999995,True
1178,CHEMBL553351,12.3,nM,Cl.O=[N+]([O-])c1ccc2sc3c(Nc4cccc(Br)c4)ncnc3c2c1,7.910094888560602,435.9396363400001,6,1,5.680600000000002,True
4814,CHEMBL379041,8900.0,nM,Fc1ccc2c(c1)CNc1c(NCc3ccccc3)ncnc1O2,5.050609993355087,322.12298932000004,5,2,3.9456000000000016,True
5122,CHEMBL2316152,20800.0,nM,COc1cc(/C=C2\CCC/C(=C\c3ccccc3OC)C2=O)cc(OC)c1,4.681936665037238,364.167459248,4,0,4.932400000000005,True
139,CHEMBL280757,0.69,nM,C=CC(=O)Nc1ccc2ncnc(Nc3ccc(F)c(Br)c3)c2c1,9.161150909262744,386.0178513240001,4,2,4.399500000000002,True
3648,CHEMBL4288761,933.0,nM,CCOC(=O)CCC(=O)Nc1cc(Nc2cccc(Br)c2)ncn1,6.0301183562535,392.0484025040001,6,2,3.264500000000001,True
1904,CHEMBL3982619,45.0,nM,O=C1CS/C(=N/Nc2nncc3ccccc23)N1c1ccccc1,7.346787486224656,335.08408103600004,6,1,3.0927000000000016,True
2094,CHEMBL3968839,61.0,nM,CCC(=O)Nc1cc2c(Nc3ccc4c(ccn4Cc4ccccn4)c3)ncnc2cc1OC,7.214670164989233,452.196074008,7,2,5.128500000000004,True
684,CHEMBL3741424,5.0,nM,C#Cc1cccc(Nc2ncnc3cc(OCCOC(=O)c4ccccc4OC(C)=O)c(OCCOC)cc23)c1,8.301029995663981,541.1849002039999,10,1,4.541000000000004,True
997,CHEMBL469355,9.0,nM,NS(=O)(=O)c1ccc(Nc2nc3ncnc(Nc4ccc(F)c(Cl)c4)c3s2)cc1,8.045757490560675,450.013571524,8,3,4.013400000000002,True
4624,CHEMBL176470,6400.0,nM,Nc1ncnc2c1c(-c1ccccc1)cn2-c1ccccc1CNCCO,5.1938200260161125,359.174610292,6,3,2.7516000000000003,True
1647,CHEMBL4062543,29.0,nM,C=CC(=O)NCCSc1nc(-c2ccccc2)c(-c2ccnc(Nc3ccccc3)c2)[nH]1,7.537602002101044,441.1623313560001,5,3,5.276600000000004,True
3734,CHEMBL247866,1029.0,nM,CC(C)Nc1ncnc2oc(-c3ccc(OCCN4CCCC4)cc3)c(-c3ccccc3)c12,5.987584625237567,442.2368762,6,1,5.8517000000000055,True
209,CHEMBL308498,1.0,nM,CC(C)(CO)NCc1ccc(-c2cc3ncnc(Nc4ccc5[nH]ccc5c4)c3s2)cc1,9.0,443.17798142,6,4,5.443700000000003,True
3137,CHEMBL3092305,404.0,nM,COC(=O)/C=C/CNC(=O)Nc1cc2c(Nc3ccc(F)c(Cl)c3)ncnc2cc1O[C@H]1CCOC1,6.393618634889394,515.137174736,8,3,4.184300000000002,True
4201,CHEMBL1828860,2940.0,nM,Cc1ncc([N+](=O)[O-])n1CC(=O)NS(=O)(=O)c1ccccc1,5.531652669587842,324.052840484,7,1,0.6048199999999997,True
854,CHEMBL3219132,6.99,nM,C=CC(=O)Nc1cccc(N2C(=O)CN(c3ccccc3)C(=O)c3cnc(Nc4ccc(N5CCN(C)CC5)cc4OC)nc32)c1,8.15552282425432,618.270301568,9,2,4.430200000000004,True
5104,CHEMBL1945453,19830.0,nM,O=C(NS(=O)(=O)c1ccc(Cl)cc1)c1cccnc1Cl,4.702677285794698,329.96326847600005,4,1,2.5071000000000003,True
3947,CHEMBL399736,1643.6,nM,COc1cc2ncnc(Nc3cccc(C#CCO)c3)c2cc1OC,5.784203867410167,335.126991404,6,2,2.734400000000001,True
2810,CHEMBL427298,203.0,nM,CN(C)CCn1cnc2c(Cl)c3c(Nc4cccc(Br)c4)ncnc3cc21,6.692503962086787,444.046484356,6,1,4.700600000000003,True
4150,CHEMBL3741069,2560.0,nM,Cc1[nH]c(-c2ccccc2)c(-c2ccccc2)c1C(=O)c1cn(-c2ccccc2)nc1-c1ccccc1,5.59176003468815,479.19976242000007,3,1,7.740820000000007,True
4830,CHEMBL1240544,9140.0,nM,C[C@@H](CN)n1nc(-c2ccc(Cl)c(O)c2)c2c(N)ncnc21,5.039053804266169,318.09958678000004,7,3,1.9542,True
5106,CHEMBL488101,20000.0,nM,C[C@H](NC(=O)c1ccc(S(=O)(=O)Oc2ccc(/C=C/[N+](=O)[O-])cc2)cc1)C(=O)N[C@@H](C)C(=O)NCCN.Cl,4.698970004336019,569.134711536,9,4,0.8214000000000006,True
3419,CHEMBL1645465,670.0,nM,C#Cc1cccc(Nc2ncnn3ccc(COC[C@@H]4CNCCO4)c23)c1,6.173925197299173,363.169524912,7,2,1.9592,True
2281,CHEMBL97162,83.0,nM,COc1nccc(-c2c(-c3ccc(F)cc3)ncn2[C@H]2CC[C@H](O)CC2)n1,7.080921907623926,368.164854132,6,1,3.6308000000000016,True
99,CHEMBL4071474,0.5,nM,C=CC(=O)N1CC[C@H](N2C(=O)N(c3ccccc3Cl)Cc3cnc(Nc4ccc(N5CCN(C)CC5)c(C)c4)nc32)C1,9.30102999566398,586.25715004,7,1,4.667320000000004,True
39,CHEMBL328955,0.25,nM,Nc1ccc2c(Nc3cccc(Cl)c3)ncnc2c1,9.602059991327964,270.067224032,4,2,3.609000000000001,True
5366,CHEMBL2337363,63600.0,nM,Nc1nc(Nc2ccc(Cl)cc2)c2c(n1)[nH]c1cccc(Cl)c12,4.196542884351587,343.03915071200004,4,3,4.7437000000000005,True
404,CHEMBL2031309,2.02,nM,CCOc1cc2ncc(C#N)c(Nc3ccc(F)c(Cl)c3)c2cc1NC(=O)CCN1CCOCC1,8.694648630553376,497.16299556,7,2,4.702080000000003,True
4491,CHEMBL2336355,5160.0,nM,COc1ccccc1NC(=O)/C=C/c1ccccc1,5.287350298372789,253.11027872,2,1,3.347100000000001,True
4763,CHEMBL1173653,8110.0,nM,Cc1ccc(/C=C/C(=O)OCCn2c([N+](=O)[O-])cnc2C)cc1,5.090979145788844,315.12190602400005,6,0,2.664740000000001,True
3722,CHEMBL3735474,1000.0,nM,CO[C@H]1CCN(c2nccc(Nc3cc4c(cn3)nc(CO)n4C(C)C)n2)CC1(F)F,6.0,433.20377948,9,2,2.898500000000001,True
5244,CHEMBL589119,31180.0,nM,CCCCN(CCCC)C(=O)c1ccc(N(CCCl)CCCl)cc1,4.506123889147177,372.17351894,2,0,5.013000000000005,True
4832,CHEMBL3740247,9190.0,nM,CC(=O)c1nn(-c2ccc(C)cc2)cc1C(=O)c1c(C)[nH]c(-c2ccccc2)c1-c1ccccc1,5.036684488613888,459.19467704,4,1,6.584840000000006,True
4411,CHEMBL489083,4600.0,nM,N=C(N)SCCCn1c(=O)c2n3ccc4cccc(c43)c3cc4ccccc4n3c=2c1=O,5.337242168318426,441.125945848,7,2,3.628070000000003,True
5524,CHEMBL77778,450000.0,nM,N#CC(C#N)=Cc1ccc(/C=C/C(=O)O)cc1,3.346787486224656,224.058577496,3,1,2.21496,True
4114,CHEMBL3741324,2380.0,nM,C/C(=N\Nc1ncc(Cl)c(Nc2cccc(NC(=O)/C=C/CN(C)C)c2)n1)c1ccccn1,5.623423042943488,464.1839851000001,8,3,4.161000000000002,True
3477,CHEMBL1257912,726.0,nM,CC(=O)Nc1ccc2c(c1)C(c1ccccc1Cl)=Nc1c[nH]nc1N2,6.139063379299906,351.0886877480001,4,3,4.247600000000001,True
1220,CHEMBL3758768,14.0,nM,COc1cc(CO)ccc1-c1cc2c(Nc3ccccc3)ncnc2s1,7.853871964321762,363.1041477840001,6,2,4.602800000000003,True
10,CHEMBL3613702,0.037,nM,C=CC(=O)Nc1ccc2ncnc(Nc3cc(F)c(Cl)c(Cl)c3)c2c1,10.431798275933003,376.029394552,4,2,4.943800000000001,True
4887,CHEMBL116919,10000.0,nM,COc1ccc(CNc2ncnc3ccccc23)cc1,5.0,265.1215121,4,1,3.250500000000001,True
4209,CHEMBL483233,3000.0,nM,CCOc1cc(/C=C(\C#N)C(N)=O)cc(CSc2ccc(O)cc2)c1O,5.522878745280337,370.098728056,6,3,3.181080000000001,True
302,CHEMBL3759480,1.5,nM,COc1cc(C(N)=O)ccc1-c1cc2c(N[C@H](CO)c3ccccc3)ncnc2s1,8.823908740944319,420.1256115000001,7,3,3.6113000000000017,True
1680,CHEMBL524457,30.0,nM,Nc1ncnc(Nc2ccc3c(cnn3Cc3cccc(F)c3)c2)c1/C=N/N1CCCCC1,7.522878745280337,444.21862102000006,8,2,4.159300000000004,True
3520,CHEMBL3741436,790.0,nM,CN(C)C/C=C/C(=O)Nc1cccc(Nc2nc(N/N=C/c3ccccc3F)ncc2Cl)c1,6.102372908709558,467.16366425600006,7,3,4.515000000000002,True
783,CHEMBL206955,6.0,nM,COc1cc2ncnc(Nc3ccc(F)c(Cl)c3)c2cc1CN1CCC[C@@H]1C(N)=O,8.221848749616356,429.136780812,6,2,3.624200000000002,True
3763,CHEMBL126974,1100.0,nM,CCOc1cc2ncnc(Nc3cccc(-c4cncnc4)c3)c2cc1OCC,5.958607314841775,387.169524912,7,1,4.627800000000003,True
3296,CHEMBL606964,545.0,nM,COc1ccc(N2Cc3cnc(Nc4ccc(F)cc4)nc3N([C@@H]3CC[C@@H](O)C3)C2=O)cc1,6.263603497723357,449.186317848,6,2,4.227900000000003,True
5258,CHEMBL1828883,32850.0,nM,COc1ccc(CC(=O)NS(=O)(=O)c2ccc(Cl)cc2)cc1,4.4834646261042,339.033206608,4,1,2.3962000000000003,True
1678,CHEMBL122411,30.0,nM,COc1ccc(Nc2[nH]nc3ncnc(Nc4cccc(Cl)c4)c23)cc1,7.522878745280337,366.09958678,6,3,4.502100000000002,True
3399,CHEMBL3263373,650.0,nM,Cc1ccc(C2=NN(C3=NC(c4ccccc4)CS3)C(c3ccc4ccccc4c3)C2)cc1C,6.187086643357144,461.192568864,4,0,7.451840000000007,True
1214,CHEMBL93783,14.0,nM,CN(C/C=C/C(=O)Nc1ccc2ncnc(Nc3cccc(Br)c3)c2c1)CCO,7.853871964321762,455.095687044,6,3,3.5547000000000017,True
928,CHEMBL3759356,8.0,nM,C[C@@H](Nc1ncnc2sc(-c3cccc(C(=O)O)c3)cc12)c1ccccc1,8.096910013008056,375.104147784,5,2,5.229600000000003,True
4441,CHEMBL1241579,4800.0,nM,C[C@H](CN)n1nc(-c2ccc(Cl)c(O)c2)c2c(N)ncnc21,5.318758762624412,318.09958678000004,7,3,1.9542,True
3167,CHEMBL2347970,434.0,nM,OC[C@@H](Nc1ncnc2oc(-c3ccccc3)c(-c3ccco3)c12)c1ccccc1,6.362510270487489,397.142641468,6,2,5.295300000000004,True
1671,CHEMBL211003,30.0,nM,CNC(=O)[C@@H](C)N(C)Cc1cc2c(Nc3cccc(Cl)c3F)ncnc2cc1OC,7.522878745280337,431.152430876,6,2,3.740800000000002,True
1710,CHEMBL3828092,31.9,nM,Fc1ccc(Nc2ncnc3ccc(-c4cnn(C5CCNCC5)c4)cc23)cc1Cl,7.496209316942819,422.14220054,6,2,4.953900000000004,True
5508,CHEMBL1254286,253600.0,nM,CN(c1cccc(Br)c1)c1nc(N)nc2c1cc(Cc1ccccc1)n2C,3.595850750790305,421.09020774,5,1,4.671700000000003,True
3718,CHEMBL424853,1000.0,nM,Fc1ccc2c(c1)CNc1c(Nc3ccc(F)c(Cl)c3)ncnc1O2,6.0,360.05894509200004,5,2,4.869600000000002,True
2389,CHEMBL3671541,98.0,nM,C=CC(=O)Nc1cc2c(Nc3ccc(Br)cc3F)ncnc2cc1OCCNC(=O)C(=O)OCC,7.008773924307505,545.071009092,8,3,3.457600000000002,True
606,CHEMBL3959632,4.0,nM,C=CC(=O)Nc1cccc(-n2c(NC(=O)c3cccc(C(F)(F)F)c3)nc3cc(C)ccc32)c1,8.397940008672037,464.146010508,4,2,5.729520000000004,True
1613,CHEMBL3092322,27.0,nM,O=C(NCCO)Nc1cc2c(Nc3ccc(F)c(Cl)c3)ncnc2cc1O[C@H]1CCOC1,7.568636235841012,461.1266100520001,7,4,3.447400000000001,True
3832,CHEMBL369014,1300.0,nM,CCOC(=O)c1ccc(-c2cn(-c3ccccc3)c3ncnc(N)c23)cc1,5.886056647693163,358.14297581600005,6,1,3.846400000000002,True
4393,CHEMBL3742200,4390.0,nM,Oc1nnc(-c2c[nH]c(-c3ccccc3)c2-c2ccccc2)c2cn(-c3ccc(Cl)cc3)nc12,5.357535479757878,463.119987876,5,2,6.503600000000005,True
307,CHEMBL4071827,1.52,nM,C=CC(=O)Nc1cccc(-c2c[nH]c3nccc(-c4[nH]c(CCCO)nc4-c4ccc(F)cc4)c23)c1,8.818156412055227,481.191403228,4,4,5.475500000000005,True
3337,CHEMBL2347968,589.0,nM,OC[C@@H](Nc1ncnc2oc(-c3ccccc3)c(Cl)c12)c1ccccc1,6.229884705212898,365.093104432,5,2,4.688700000000003,True
1905,CHEMBL3786858,45.0,nM,C=CC(=O)N1CC[C@@H](COc2nc(Nc3cnn(C)c3)nc3[nH]cc(Cl)c23)C1,7.346787486224656,401.13670056000007,7,2,2.5017,True
5085,CHEMBL1829273,18720.0,nM,O=C(Cc1cccc(Br)c1)NS(=O)(=O)c1ccc(F)cc1,4.727694155597914,370.962704532,3,1,2.6358000000000006,True
1417,CHEMBL460731,20.0,nM,CS(=O)(=O)CCNCCCCOc1ccc2ncnc(Nc3ccc(F)c(Cl)c3)c2c1,7.698970004336019,466.124167528,7,2,3.959100000000002,True
90,CHEMBL3818015,0.47,nM,COc1cc2ncnc(Nc3cccc(Br)c3)c2cc1NC(=O)[C@@H]1COC(=O)N1,9.327902142064282,457.038566092,7,3,3.1914000000000007,True
5430,CHEMBL1241301,100000.0,nM,COc1ccc(-c2nn(C)c3ncnc(N)c23)cc1O,4.0,271.106924656,7,2,1.3266999999999998,True
1844,CHEMBL204570,40.0,nM,OCc1cccc(C#Cc2cncnc2Nc2ccc(OCc3cccc(F)c3)c(Cl)c2)n1,7.397940008672037,460.110231716,6,2,4.878800000000003,True
27,CHEMBL93032,0.17,nM,Oc1cc2ncnc(Nc3cccc(Br)c3)c2cc1O,9.769551078621726,330.99563865999994,5,3,3.5471000000000017,True
5109,CHEMBL1683957,20000.0,nM,Cc1c(Nc2ccc(OCc3cccc(F)c3)c(Cl)c2)ncnc1-c1ccccc1,4.698970004336019,419.12006812800007,4,1,6.5671200000000045,True
1959,CHEMBL4225255,49.0,nM,C=CC(=O)Nc1cccc(NC(=O)Nc2ccnc(Nc3ccc(N(C)CCN(C)C)cc3OC)n2)c1,7.309803919971486,504.25973688400006,8,4,3.9951000000000025,True
2834,CHEMBL4086559,212.5,nM,C=CC(=O)Nc1cc(Nc2ncnc(-c3cn(C)c4ccccc34)c2OC)c(OC)cc1N(C)CCN(C)C,6.67264106561367,529.28013798,9,2,4.518400000000004,True
1641,CHEMBL4064937,28.7,nM,Cc1cc(Nc2ncc3c(n2)N([C@H]2CCN(C(=O)C4CC4)C2)C(=O)N(c2ccccc2Cl)C3)ccc1N1CCN(C)CC1,7.542118103266008,600.272800104,7,1,4.891320000000005,True
5406,CHEMBL1944930,85600.0,nM,O=c1c2c(-c3ccccc3)c3c(nc2nc2[nH]nc(S)n12)-c1ccccc1CC3,4.067526235322847,397.0997311,6,2,3.687100000000002,True
393,CHEMBL3671498,2.0,nM,C=CC(=O)Nc1cc2c(Nc3ccc(Br)cc3F)ncnc2cc1OCCNC(=O)CN(C)C,8.698970004336019,530.107728948,7,3,3.456100000000002,True
4789,CHEMBL3604938,8600.0,nM,CCC(=O)Nc1cccc(Oc2nc(Nc3n[nH]c4ccccc34)cc(N3CCN(C)CC3)n2)c1,5.065501548756432,472.2335221360001,8,3,3.989100000000003,True
3028,CHEMBL129946,330.0,nM,CCN(C)[C@H]1C[C@@H]2O[C@](C)([C@H]1OC)n1c3ccccc3c3c4c(c5c6ccccc6n2c5c31)C(=O)NC4,6.481486060122112,494.23179082,6,1,5.086300000000004,True
5492,CHEMBL1095131,161600.0,nM,Nc1nc(Nc2cccc(F)c2)c2cc(Cc3ccc(Cl)cc3Cl)[nH]c2n1,3.791558643561433,401.061029028,4,3,5.320400000000001,True
4986,CHEMBL344652,13350.0,nM,CN(C)/N=N/c1ccc2ncnc(N(C)c3ccccc3)c2c1,4.874518734299406,306.159294576,5,0,3.958000000000003,True
1879,CHEMBL3357640,42.9,nM,O=C(Nc1cc2c(Nc3ccc(F)c(Cl)c3)ncnc2cc1O[C@H]1CCOC1)/C(F)=C\CN1CCOCC1,7.367542707815276,545.1641384320001,8,2,4.457700000000004,True
4939,CHEMBL2283251,11690.0,nM,O=C(/C=C/c1ccccc1)Nc1ccc(F)cc1F,4.93218548883816,259.080870412,1,1,3.6167000000000016,True
4662,CHEMBL4215703,6900.0,nM,Cc1cc(=O)n(-c2ccc(F)cc2)nc1C(=O)Nc1ccc(Oc2ncnc3ccsc23)c(F)c1,5.161150909262744,491.08636678,8,1,4.868420000000002,True
4773,CHEMBL353823,8300.0,nM,CC(C)(C)OC(=O)N1CCC(n2cc(-c3ccccc3)c3c(N)ncnc32)C1,5.080921907623926,379.2008250400001,6,1,3.862400000000002,True
2777,CHEMBL3954906,200.0,nM,C=CC(=O)Nc1cccc(Nc2nc(Nc3ccccc3OC)ncc2Br)c1,6.698970004336019,439.0643869160001,6,3,4.859400000000003,True
84,CHEMBL39337,0.44,nM,Brc1cccc(Nc2ncnc3cc4[nH]ncc4cc23)c1,9.356547323513812,339.01195742,4,2,4.012200000000001,True
1546,CHEMBL3753532,24.81,nM,COc1cc(NC(=O)Nc2ccccn2)cc(-c2c[nH]cn2)c1OC,7.605373235727791,339.133139404,5,3,3.1329,True
2511,CHEMBL1683966,114.0,nM,Cc1ncnc(Nc2ccc(OCc3cccc(F)c3)c(Cl)c2)c1/C=C/C(=O)NCCN1CCOCC1,6.943095148663527,525.194295688,7,2,4.361720000000004,True
298,CHEMBL338175,1.5,nM,O=C(O)CNc1cc2ncnc(Nc3cccc(Br)c3)c2cn1,8.823908740944319,373.017436724,6,3,3.027400000000001,True
544,CHEMBL598163,3.4,nM,COc1cc2ncnc(Nc3ccc(F)c(Cl)c3)c2cc1OCCCCCC(=O)NO,8.468521082957745,448.13136108399993,7,3,4.619100000000003,True
4327,CHEMBL1821868,3850.0,nM,Cc1ccc(C2=NN(c3nc(-c4ccccc4)cs3)C(c3ccc([N+](=O)[O-])cc3)C2)cc1C,5.414539270491499,454.146346944,6,0,6.690840000000005,True
3946,CHEMBL398963,1640.6,nM,Fc1ccc(Nc2ncnc3ccc(C#Cc4cccs4)cc23)cc1Cl,5.784997292785048,379.034624252,4,1,5.627200000000003,True
1229,CHEMBL3608430,14.0,nM,C=CC(=O)N1C[C@@H]2CN(c3nc(Nc4ccc(N5CCN(C)CC5)cc4)c4ncn(C(C)C)c4n3)C[C@@H]2C1,7.853871964321762,515.3121068040001,9,1,2.983200000000001,True
5319,CHEMBL363607,45800.0,nM,Cc1ccc(F)c(C(=O)n2nc(Nc3ccc(S(N)(=O)=O)cc3)nc2C)c1F,4.339134521996131,407.08636678,7,2,2.2526399999999995,True
5011,CHEMBL1830131,14590.0,nM,O=C(/C=C/c1ccccc1)Nc1cccc(Cl)c1,4.835944708106548,257.060741684,1,1,3.991900000000002,True
2607,CHEMBL119033,139.0,nM,COc1cccc2ncnc(Nc3cccc(Br)c3)c12,6.856985199745905,329.016374104,4,1,4.1445000000000025,True
4068,CHEMBL1242114,2190.0,nM,COc1ccc(-c2nn(C(C)C)c3ncnc(N)c23)cc1O,5.6595558851598815,299.138224784,7,2,2.3706,True
5307,CHEMBL3353412,45000.0,nM,C=CC(=O)Nc1cc(Nc2nccc(-c3cn(C)c4ccccc34)n2)c(OC)cc1N(C)CCNC,4.346787486224656,485.2539232320001,8,3,4.167600000000002,True
332,CHEMBL67003,1.8,nM,Cc1cc(C(=O)N2CCOCC2)[nH]c1/C=C1\C(=O)Nc2ncnc(Nc3ccc4c(cnn4Cc4ccccc4)c3)c21,8.744727494896694,560.2284367560002,8,3,4.219820000000002,True
511,CHEMBL3355873,3.05,nM,COc1cc2ncnc(Nc3ccc(F)c(Cl)c3)c2cc1OCCn1ccnc1[N+](=O)[O-],8.515700160653214,458.090558892,9,1,4.358200000000003,True
3042,CHEMBL380972,340.0,nM,COc1cc2c(cc1OC)Oc1ncnc(Nc3cccc(Br)c3)c1NC2,6.468521082957745,428.0484025040001,7,2,4.717700000000002,True
4590,CHEMBL80155,6000.0,nM,COc1cc(C=C(C#N)C#N)cc(O)c1O,5.221848749616356,216.053492116,5,2,1.53696,True
542,CHEMBL51659,3.4,nM,C=CC(=O)Nc1cc2c(Nc3cccc(Br)c3)ncnc2cn1,8.468521082957745,369.0225221040001,5,2,3.655400000000002,True
2873,CHEMBL3087197,235.4,nM,C=CC(=O)N1CC[C@H](N2C(=O)N(c3ccccc3)Cc3cnc(Nc4ccccc4)nc32)C1,6.628193541492584,440.196074008,5,1,3.953700000000003,True
36,CHEMBL127041,0.24,nM,OCCNc1cc2ncnc(Nc3cccc(Br)c3)c2cn1,9.619788758288394,359.038172168,6,3,2.9351000000000003,True
4663,CHEMBL1761929,6900.0,nM,COC(=O)Nc1ccc(Nc2ncnc3cc(OC)c(OC)cc23)cc1,5.161150909262744,354.13280505599994,7,2,3.568900000000002,True
710,CHEMBL4079501,5.0,nM,C=CC(=O)Nc1cc(Nc2n[nH]c3cc(-c4ccncc4)ccc23)c(OC)cc1N(C)CCN(C)C,8.301029995663981,485.253923232,7,3,4.499400000000003,True
2049,CHEMBL3948267,57.0,nM,O=C(/C=C/CN1CCCC1)Nc1cc2c(Nc3ccc4c(cnn4Cc4ccccc4)c3)ncnc2cn1,7.244125144327507,504.2386075160001,8,2,4.756900000000003,True
3423,CHEMBL382041,671.0,nM,COCCOc1cc(OC2CCOCC2)c2c(Nc3ccc(F)c(Cl)c3)ncnc2c1,6.173277479831008,447.1361121160001,7,1,4.748900000000004,True
2361,CHEMBL3981621,93.0,nM,c1ccc(CNc2ncnc3oc(-c4ccccc4)cc23)cc1,7.031517051446065,301.1215121,4,1,4.501900000000003,True
3327,CHEMBL3234737,575.0,nM,Cc1ccc(C(=O)Nc2ccc(CN3CCN(C)CC3)c(C(F)(F)F)c2)cc1NC(=O)c1ccccn1,6.2403321553103694,511.219509796,5,2,4.660820000000004,True
193,CHEMBL3655350,1.0,nM,CC(C)C(C)C/C=C/C(=O)N1CCc2c(sc3ncnc(Nc4cc(O)cc(Cl)c4)c23)C1,9.0,470.154324784,6,2,5.917000000000006,True
1326,CHEMBL1683955,17.0,nM,Cc1ncnc(Nc2ccc(OCc3cccc(F)c3)c(Cl)c2)c1C,7.769551078621726,357.104418064,4,1,5.208540000000003,True
2621,CHEMBL3622669,141.0,nM,COc1cc2ncnc(Nc3ccc(F)c(Cl)c3)c2cc1NC(=O)/C=C/CNC1CC(F)(F)C1,6.85078088734462,491.133587252,6,3,5.056500000000003,True
5076,CHEMBL3098313,18300.0,nM,CN(C)S(=O)(=O)c1ccc(Nc2nc(Cl)nc3cc4c(cc23)OCO4)cc1,4.73754891026957,406.05025364,7,1,3.0058000000000007,True
0,CHEMBL63786,0.003,nM,Brc1cccc(Nc2ncnc3cc4ccccc4cc23)c1,11.522878745280336,349.021459484,3,1,5.289100000000002,True
1095,CHEMBL3219130,10.18,nM,C=CC(=O)Nc1cccc(N2C(=O)C(C(C)CC)N(C)C(=O)c3cnc(Nc4ccc(N5CCN(C)CC5)cc4OC)nc32)c1,7.99225222199926,612.31725176,9,2,4.270100000000004,True
2102,CHEMBL473553,63.0,nM,COc1cc2ncnc(Nc3ccc(-c4nc5ccccc5s4)c(OC)c3)c2cc1OC,7.200659450546418,444.1256115,8,1,5.675900000000003,True
305,CHEMBL165731,1.5,nM,Cc1cccc(Nc2ncnc3cnc(NCCN4CCOCC4)cc23)c1,8.823908740944319,364.201159388,7,2,2.820920000000001,True
3368,CHEMBL57323,610.0,nM,Cc1cccc(C)c1-c1cc2cnc(N)nc2nc1NC(=O)NC(C)(C)C,6.214670164989233,364.201159388,5,3,3.8108400000000016,True
2189,CHEMBL3416634,71.0,nM,C#Cc1cc2c(Nc3ccc(OCc4cccc(F)c4)c(Cl)c3)ncnc2s1,7.1487416512809245,409.0451889360001,5,1,5.787700000000003,True
4207,CHEMBL204715,3000.0,nM,COc1ccc2c(c1)Oc1ncnc(Nc3cccc(Br)c3)c1NC2,5.522878745280337,398.0378378200001,6,2,4.709100000000001,True
1196,CHEMBL1683970,13.0,nM,Cc1ncnc(Nc2ccc(OCc3cccc(F)c3)c(Cl)c2)c1C#CCCN1CCOCC1,7.886056647693163,480.172831972,6,1,4.973920000000005,True
920,CHEMBL255871,8.0,nM,CO/N=C/c1c(N)ncnc1Nc1ccc2c(cnn2Cc2cccc(F)c2)c1,8.096910013008056,391.155686416,8,2,3.3198000000000025,True
954,CHEMBL207687,8.0,nM,COc1cc2ncnc(Nc3cccc(Cl)c3F)c2cc1CN(C)[C@@H](C)C(N)=O,8.096910013008056,417.136780812,6,2,3.480100000000002,True
1257,CHEMBL93051,15.0,nM,Brc1cccc(Nc2ncnc3cc4c(cc23)OCO4)c1,7.823908740944319,342.99563865999994,5,1,3.864600000000001,True
2250,CHEMBL540701,79.0,nM,C=CCOc1ccc2ncnc(Nc3ccc(OCc4ccccc4)cc3)c2c1,7.102372908709558,383.163376912,5,1,5.517200000000004,True
218,CHEMBL213007,1.0,nM,COc1cc2ncnc(Nc3cc(Cl)ccc3F)c2cc1OC1CCN(S(C)(=O)=O)CC1,9.0,480.103432084,7,1,3.977300000000003,True
4221,CHEMBL1272168,3057.0,nM,C=CC(=O)N1CCc2c(sc3ncnc(N[C@@H](CO)c4ccccc4)c23)C1,5.514704561273911,380.13069688,6,2,2.907500000000001,True
4717,CHEMBL2316149,7500.0,nM,COc1cc(/C=C2\CCC/C(=C\C3CCCCC3)C2=O)cc(OC)c1,5.1249387366083,340.203844756,3,0,5.346900000000005,True
1123,CHEMBL134312,11.0,nM,CN(C)/N=N/c1ccc2ncnc(Nc3cccc(Br)c3)c2c1,7.958607314841775,370.05415658,5,1,4.696200000000003,True
3678,CHEMBL1821874,970.0,nM,Cc1ccc(C2=NN(c3nc(-c4ccc(Cl)cc4)cs3)C(c3ccc(O)cc3)C2)cc1C,6.013228265733755,459.117211004,5,1,7.141640000000006,True
5512,CHEMBL2047241,276100.0,nM,Nc1nc2c(c(Nc3ccc(F)cc3)n1)-c1ccccc1C2,3.558933593360737,292.112424636,4,2,3.512700000000001,True
4522,CHEMBL472743,5390.0,nM,COc1cc(NC(=O)/C=C/CN2CCOCC2)cc2c(Nc3cccc(Br)c3)ccnc12,5.268411234813261,496.1110027600001,6,2,4.576400000000003,True
4819,CHEMBL48802,9000.0,nM,C[S+]([O-])CCCCN=C=S,5.045757490560675,177.028205972,3,0,1.2479,True
4563,CHEMBL3612575,5700.0,nM,C#Cc1cccc(Nc2ncnc3cc4oc(=O)n(CCCC(=O)OCC)c4cc23)c1,5.2441251443275085,416.14845512,8,1,3.6059000000000023,True
5050,CHEMBL3325480,16700.0,nM,CCOC(=O)C1=C(N)N(c2cccnc2)C2=C(C(=O)CCC2)C1c1cc2cc(Cl)ccc2n2nnnc12,4.777283528852417,515.1472652440001,10,1,3.670200000000002,True
5522,CHEMBL280074,440000.0,nM,Cn1cnc2c(NCc3ccccc3)nc(NCCO)nc21,3.356547323513812,298.154209196,7,3,1.3795999999999995,True
5,CHEMBL176582,0.01,nM,Cn1cnc2cc3ncnc(Nc4cccc(Br)c4)c3cc21,11.0,353.027607484,5,1,4.0226000000000015,True
1302,CHEMBL3114689,16.0,nM,C#Cc1cccc(Nc2ncnc3cc4c(cc23)N(C(=O)/C=C/CN2CCN(C)CC2)CCO4)c1,7.795880017344075,468.227374136,7,1,2.883700000000002,True
3083,CHEMBL1242656,366.0,nM,CC1CCC(n2nc(-c3ccc(F)c(O)c3)c3c(N)ncnc32)C1,6.436518914605589,327.14953841600004,6,2,3.2813000000000008,True
24,CHEMBL417478,0.16,nM,C=CC(=O)Nc1nc2c(Nc3ccc(F)c(Cl)c3)ncnc2cc1/C=C/CCN1CCOCC1,9.795880017344077,482.163329908,7,2,4.420900000000004,True
2305,CHEMBL1198361,85.0,nM,Brc1cccc(Nc2ncnc3cc4c(cc23)OCCCO4)c1,7.070581074285707,371.026938788,5,1,4.297200000000002,True
5137,CHEMBL1945646,21560.0,nM,Cc1ccc(C(=O)NS(=O)(=O)c2ccccc2)c(Cl)n1,4.666351243485299,310.0178908920001,4,1,2.16212,True
2627,CHEMBL2437457,144.1,nM,C=CC(=O)Nc1ccc(-n2c(=O)cnc3cnc(Nc4ccc(Cl)cc4)nc32)cc1,6.841336019186011,418.09450140000007,7,2,3.697200000000002,True
2540,CHEMBL2064403,120.0,nM,O=c1oc2cc3ncnc(Nc4ccc5[nH]ncc5c4)c3cc2n1CCCN1CCOCC1,6.920818753952375,445.18623759600007,9,2,2.879900000000001,True
379,CHEMBL3233779,2.0,nM,COC(CN(C)C/C=C/C(=O)Nc1cc2c(Nc3ccc(F)c(Cl)c3)ncnc2s1)OC,8.698970004336019,479.119416496,8,2,4.272800000000002,True
537,CHEMBL433205,3.3,nM,Nc1ccc2c(Nc3cccc(C(F)(F)F)c3)ncnc2c1,8.481486060122112,304.093581012,4,2,3.974400000000002,True
2157,CHEMBL473436,68.0,nM,Fc1cccc(COc2ccc(Nc3ncnc4cc(-c5ccc[nH]5)sc34)cc2Cl)c1,7.167491087293763,450.071738032,5,2,6.8015000000000025,True
1854,CHEMBL380006,40.0,nM,COc1cc2ncnc(Nc3cccc(Cl)c3F)c2cc1CN(C)[C@H](C)C(=O)N(C)C,7.397940008672037,445.16808094,6,1,4.083000000000004,True
261,CHEMBL153525,1.24,nM,Brc1cccc(Nc2ncnc3ccc4cc[nH]c4c23)c1,8.906578314837764,338.01670845200005,3,2,4.617200000000001,True
4665,CHEMBL1821894,6920.0,nM,COc1ccc(C2=NN(c3nc(-c4ccccc4)cs3)C(c3ccc(OC)cc3)C2)cc1,5.1598939055432425,441.151097976,6,0,6.183000000000005,True
2951,CHEMBL460746,280.0,nM,O=C(NC(=S)Nc1ccc(O)c(-c2nc3ccccc3s2)c1)c1ccc([N+](=O)[O-])cc1,6.552841968657781,450.045646928,7,3,4.703900000000003,True
180,CHEMBL126372,0.92,nM,OCC(O)CNc1cc2ncnc(Nc3cccc(Br)c3)c2cn1,9.036212172654444,389.048736852,7,4,2.2960000000000003,True
1545,CHEMBL4284684,24.8,nM,C=CC(=O)Nc1ccccc1Nc1nc(Nc2ccc(OCC(=O)N3CCOCC3)cc2)ncc1Cl,7.605548319173783,508.16258096,8,3,3.979300000000003,True
1463,CHEMBL3977326,21.0,nM,CCC(=O)Nc1cc2c(Nc3ccc4c(ccn4Cc4ccccc4)c3)ncnc2cc1OC,7.67778070526608,451.20082504,6,2,5.733500000000005,True
3075,CHEMBL3752129,362.0,nM,COc1cc(NC(=O)Nc2nccs2)cc(-c2cn(C)cn2)c1OC,6.441291429466834,359.10521040400005,7,2,3.204800000000001,True
3187,CHEMBL355191,450.0,nM,COc1cccc(-c2cn(C3CCC3)c3ncnc(N)c23)c1,6.346787486224656,294.148061196,5,1,3.414100000000001,True
4308,CHEMBL1812561,3610.0,nM,O=C(/C=C/c1ccccc1)Nc1ccc2ncnc(Nc3cccc(Cl)c3)c2c1,5.442492798094342,400.109088844,4,2,5.678700000000003,True
1188,CHEMBL3759963,13.0,nM,COc1cccc(-c2cc3c(N[C@H](C)c4ccccc4)ncnc3s2)c1OC,7.886056647693163,391.1354479120001,6,1,5.548600000000004,True
4080,CHEMBL593293,2200.0,nM,COc1cc2ncnc(Nc3ccc(-c4nc5ccccc5s4)cc3O)c2cc1OC,5.657577319177793,430.109961436,8,2,5.372900000000003,True
1,CHEMBL35820,0.006,nM,CCOc1cc2ncnc(Nc3cccc(Br)c3)c2cc1OCC,11.221848749616356,387.058238916,5,1,4.933300000000004,True
1965,CHEMBL207674,50.0,nM,COc1cc2ncnc(Nc3cccc(Cl)c3F)c2cc1CN1CCOCC1C(N)=O,7.301029995663981,445.131695432,7,2,2.8606000000000007,True
5296,CHEMBL591053,41000.0,nM,O=C1CSC(NN=C2CCCCC2)=N1,4.3872161432802645,211.077933036,4,1,1.5255,True
2114,CHEMBL344486,64.0,nM,CCOC(=O)/C=C/C(=O)Nc1ccc2ncnc(Nc3cccc(Br)c3)c2c1,7.1938200260161125,440.048402504,6,2,4.193700000000002,True
3362,CHEMBL358746,600.0,nM,N#C/C(=C\c1cc(O)c(O)c(O)c1)C(=O)NCCCCNC(=O)/C(C#N)=C/c1cc(O)c(O)c(O)c1,6.221848749616356,494.143763664,10,8,1.4469599999999991,True
2039,CHEMBL3671480,56.0,nM,C=CC(=O)Nc1cc2c(Nc3ccc(Br)cc3F)ncnc2cc1OCc1ccncc1,7.251811972993799,493.0549651040001,6,2,5.373500000000004,True
1450,CHEMBL3647967,20.6,nM,C=CC(=O)N[C@H]1CC[C@@H](n2nc(-c3ccc(Oc4ccccc4)cc3)c3c(N)ncnc32)CC1,7.686132779630847,454.211724072,7,2,4.653700000000003,True
4782,CHEMBL3393072,8490.0,nM,O=C(Cc1c[nH]c2ccccc12)NNC(=S)Nc1ncccc1Br,5.071092309756047,403.010243168,3,4,2.8857,True
640,CHEMBL225928,4.4,nM,CN(CCCl)CCN/N=N/c1ccc2ncnc(Nc3cccc(Cl)c3)c2c1,8.356547323513812,417.123549032,6,2,4.785700000000004,True
5423,CHEMBL77085,96000.0,nM,N#CC(C#N)=Cc1cc(O)ccc1[N+](=O)[O-],4.017728766960432,215.03309102,5,1,1.73096,True
3336,CHEMBL3676390,589.0,nM,C=CC(=O)Nc1cc2c(Nc3ccc(Br)cc3F)ncnc2cc1OCCNC(=O)CC,6.229884705212898,501.0811798520001,6,3,4.304500000000004,True
4695,CHEMBL101683,7300.0,nM,O=C(Nc1ccc(Cl)cc1)c1ccccc1NCc1ccncc1,5.136677139879544,337.09818981200004,3,2,4.599400000000003,True
1758,CHEMBL1683961,34.0,nM,Cc1ncnc(Nc2ccc(OCc3cccc(F)c3)c(Cl)c2)c1C#CCCCN1CCOCC1,7.468521082957745,494.188482036,6,1,5.364020000000005,True
4856,CHEMBL525527,9700.0,nM,COc1cc2nc(Cl)nc(Nc3ccc(S(=O)(=O)Nc4nccs4)cc3)c2cc1OC,5.013228265733755,477.033223672,9,2,4.301300000000003,True
3240,CHEMBL3604921,500.0,nM,C=CC(=O)Nc1cccc(Oc2nc(Nc3cc(C)[nH]n3)cc(N3CCN(C)CC3)n2)c1,6.301029995663981,434.2178720720001,8,3,2.920320000000001,True
4498,CHEMBL364623,5200.0,nM,Cc1cc(Nc2ncc(C(=O)Nc3c(C)cccc3Cl)s2)nc(C)n1,5.2839966563652006,373.07640881200007,6,2,4.507660000000002,True
5200,CHEMBL280998,26043.0,nM,Oc1ccccc1O,4.584308989059276,110.036779432,2,2,1.0978,True
4714,CHEMBL107472,7500.0,nM,CNc1ncc2cc(-c3c(Cl)cccc3Cl)c(=O)n(C)c2n1,5.1249387366083,334.038816364,5,1,3.344000000000001,True
797,CHEMBL3671484,6.0,nM,C=CC(=O)Nc1cc2c(Nc3ccc(Br)cc3F)ncnc2cc1OCC1CCN(C(=O)CN(C)C)CC1,8.221848749616356,584.1546791400001,7,2,4.5785000000000045,True
5230,CHEMBL187431,29400.0,nM,Cc1ccc(Nc2ncnn3c(C)ccc23)cc1O,4.531652669587842,254.116761068,5,2,2.795340000000001,True
5374,CHEMBL1956892,69200.0,nM,COc1ccc(OC)c(Cn2ccc3c(Nc4cccc(Br)c4)nc(N)nc32)c1,4.1598939055432425,453.0800369800001,7,2,4.585100000000002,True
4370,CHEMBL2047019,4200.0,nM,O=C(CCCCCC(=O)Nc1ccc(O)c(C(=O)Nc2cccc(C(F)(F)F)c2)c1)NO,5.376750709602099,453.151155464,5,5,4.057700000000001,True
3851,CHEMBL3628792,1330.0,nM,Fc1ccc(Nc2ncnc3sc4c(c23)CCCC4)cc1Cl,5.876148359032914,333.050274316,4,1,5.106200000000003,True
2908,CHEMBL4067916,257.0,nM,CCC(=O)N1CC[C@H](N2C(=O)N(c3cccc(OC(F)F)c3)Cc3cnc(Nc4ccc(N5CCN(C)CC5)c(C)c4)nc32)C1,6.590066876668706,620.3034935160001,8,1,4.839320000000004,True
4570,CHEMBL1170459,5760.0,nM,Cc1ncc([N+](=O)[O-])n1CCOC(=O)/C=C/c1ccc2ccccc2c1,5.239577516576788,351.12190602400005,6,0,3.509520000000002,True
3953,CHEMBL3741245,1680.0,nM,C=CC(=O)Nc1cccc(Nc2nc(N/N=C(\C)c3ccc(F)cc3)ncc2Cl)c1,5.774690718274137,424.121465096,6,3,4.973300000000003,True
4127,CHEMBL7914,2500.0,nM,Cc1ccc(Nc2cc3c(cc2Nc2ccc(C)cc2)C(=O)NC3=O)cc1,5.6020599913279625,357.147726848,4,3,4.674240000000003,True
5501,CHEMBL77869,200000.0,nM,COc1cc(C=C(C#N)C#N)ccc1O,3.6989700043360174,200.058577496,4,1,1.83136,True
4063,CHEMBL1828864,2170.0,nM,Cc1ncc([N+](=O)[O-])n1CC(=O)NS(=O)(=O)c1ccc(Br)cc1,5.66354026615147,401.963352552,7,1,1.3673199999999996,True
2438,CHEMBL188304,100.0,nM,Cc1ccn2ncnc(Nc3ccc(F)c(Cl)c3)c12,7.0,276.05780222,4,1,3.5738200000000013,True
819,CHEMBL590878,6.27,nM,Oc1cc(O)c2cc(O)c(-c3cc(O)c(O)c(O)c3)[o+]c2c1.[Cl-],8.202732459169283,338.019330372,6,6,-0.3814999999999998,True
3108,CHEMBL3942999,388.0,nM,CCC(=O)Nc1cc2c(Nc3ccc(Cc4ccncc4)cc3)ncnc2cc1OC,6.411168274405792,413.185174976,6,2,4.716300000000002,True
5158,CHEMBL3234865,23130.0,nM,Cc1ccc(Oc2nc3ccccc3cc2/C=N/NC(=O)Cn2c([N+](=O)[O-])cnc2C)cc1,4.635824367229381,444.15460312,8,1,3.8989400000000014,True
1712,CHEMBL182254,32.0,nM,Fc1cccc(COc2ccc(Nc3ncnc4nn5ccccc5c34)cc2Cl)c1,7.494850021680094,419.094916,6,1,5.3926000000000025,True
2493,CHEMBL4166412,110.0,nM,NS(=O)(=O)c1ccc(-n2c(SCC(=O)Nc3cnc4ccccc4c3)nc3cc4ccccc4cc3c2=O)cc1,6.958607314841775,567.103496152,8,2,4.465300000000004,True
3569,CHEMBL144791,850.0,nM,N#C/C(=C\c1cc(O)c(O)c(Br)c1)S(=O)(=O)/C(C#N)=C/c1cc(O)c(O)c(Br)c1,6.070581074285707,539.8626312399999,8,4,3.8779600000000016,True
607,CHEMBL1914665,4.0,nM,Br.CC[C@@H](Nc1ncnc2[nH]c(-c3ccc(O)cc3)cc12)c1ccccc1,8.397940008672037,424.089873392,4,3,5.471600000000004,True
5339,CHEMBL4246256,52110.0,nM,Oc1cccc(Nc2nnnc3sc4c(c23)CCC4)c1,4.283078926833239,284.073182004,6,2,3.0242000000000004,True
1565,CHEMBL3671506,25.0,nM,C=CC(=O)Nc1cc2c(Nc3ccc(Br)cc3F)ncnc2cc1OCCNS(C)(=O)=O,7.602059991327962,523.032515408,7,3,3.327500000000001,True
1717,CHEMBL4167162,32.0,nM,O=C(CN1CCCC1)Nc1ccc2ncnc(Nc3ccc(Cl)cc3)c2c1,7.494850021680094,381.13563794,5,2,4.061100000000003,True
2718,CHEMBL1242852,179.0,nM,CC(C)n1nc(-c2ccc3c(ccn3C(=O)OC(C)(C)C)c2)c2c(N)ncnc21,6.747146969020107,392.196074008,8,1,4.394300000000002,True
1297,CHEMBL2425087,16.0,nM,COc1cc2ncnc(Nc3ccc(F)c(Cl)c3)c2cc1OCCN1CC2(COC2)C1,7.795880017344075,444.136446464,7,1,3.885500000000003,True
1271,CHEMBL1947124,15.0,nM,CC1(C)CC(C(=O)Nc2ccc3ncnc(Nc4ccc(F)c(Cl)c4)c3c2)CC(C)(C)N1[O],7.823908740944319,470.175905972,5,2,5.7191000000000045,True
5060,CHEMBL1956885,17420.0,nM,Nc1nc(Nc2cccc(Br)c2)c2cc(Cc3ccc(Cl)cc3)[nH]c2n1,4.758951849328356,427.01993526000007,4,3,5.290400000000002,True
532,CHEMBL105053,3.3,nM,C[C@@H](Nc1[nH]cnc2nc(-c3ccccc3)cc1-2)c1ccccc1,8.481486060122112,314.153146576,3,2,4.749600000000004,True
3951,CHEMBL499344,1670.0,nM,Nc1nc(Nc2cccc(Br)c2)c2cc(Cc3ccccc3)[nH]c2n1,5.777283528852417,393.058907612,4,3,4.637000000000002,True
4635,CHEMBL4210744,6490.0,nM,COc1cc(N2CCN(C)CC2)ccc1Nc1ncc(Cl)c(Oc2cccc(N)c2)n1,5.187755303199631,440.17275172,8,2,4.0085000000000015,True
2742,CHEMBL247915,190.0,nM,NC1CCN(Cc2ccn3ncnc(Nc4ccc5c(cnn5Cc5cccnc5)c4)c23)CC1,6.721246399047171,453.2389418640001,9,2,3.189000000000001,True
